INSERT INTO public.books (book_id, title, testament)
VALUES (1, 'Genesis', 'OT');
INSERT INTO public.books (book_id, title, testament)
VALUES (2, 'Exodus', 'OT');
INSERT INTO public.books (book_id, title, testament)
VALUES (3, 'Leviticus', 'OT');
INSERT INTO public.books (book_id, title, testament)
VALUES (4, 'Numbers', 'OT');
INSERT INTO public.books (book_id, title, testament)
VALUES (5, 'Deuteronomy', 'OT');
INSERT INTO public.books (book_id, title, testament)
VALUES (6, 'Joshua', 'OT');
INSERT INTO public.books (book_id, title, testament)
VALUES (7, 'Judges', 'OT');
INSERT INTO public.books (book_id, title, testament)
VALUES (8, 'Ruth', 'OT');
INSERT INTO public.books (book_id, title, testament)
VALUES (9, '1 Samuel', 'OT');
INSERT INTO public.books (book_id, title, testament)
VALUES (10, '2 Samuel', 'OT');
INSERT INTO public.books (book_id, title, testament)
VALUES (11, '1 Kings', 'OT');
INSERT INTO public.books (book_id, title, testament)
VALUES (12, '2 Kings', 'OT');
INSERT INTO public.books (book_id, title, testament)
VALUES (13, '1 Chronicles', 'OT');
INSERT INTO public.books (book_id, title, testament)
VALUES (14, '2 Chronicles', 'OT');
INSERT INTO public.books (book_id, title, testament)
VALUES (15, 'Ezra', 'OT');
INSERT INTO public.books (book_id, title, testament)
VALUES (16, 'Nehemiah', 'OT');
INSERT INTO public.books (book_id, title, testament)
VALUES (17, 'Esther', 'OT');
INSERT INTO public.books (book_id, title, testament)
VALUES (18, 'Job', 'OT');
INSERT INTO public.books (book_id, title, testament)
VALUES (19, 'Psalms', 'OT');
INSERT INTO public.books (book_id, title, testament)
VALUES (20, 'Proverbs', 'OT');
INSERT INTO public.books (book_id, title, testament)
VALUES (21, 'Ecclesiastes', 'OT');
INSERT INTO public.books (book_id, title, testament)
VALUES (22, 'The Song of Solomon', 'OT');
INSERT INTO public.books (book_id, title, testament)
VALUES (23, 'Isaiah', 'OT');
INSERT INTO public.books (book_id, title, testament)
VALUES (24, 'Jeremiah', 'OT');
INSERT INTO public.books (book_id, title, testament)
VALUES (25, 'Lamentations', 'OT');
INSERT INTO public.books (book_id, title, testament)
VALUES (26, 'Ezekiel', 'OT');
INSERT INTO public.books (book_id, title, testament)
VALUES (27, 'Daniel', 'OT');
INSERT INTO public.books (book_id, title, testament)
VALUES (28, 'Hosea', 'OT');
INSERT INTO public.books (book_id, title, testament)
VALUES (29, 'Joel', 'OT');
INSERT INTO public.books (book_id, title, testament)
VALUES (30, 'Amos', 'OT');
INSERT INTO public.books (book_id, title, testament)
VALUES (31, 'Obadiah', 'OT');
INSERT INTO public.books (book_id, title, testament)
VALUES (32, 'Jonah', 'OT');
INSERT INTO public.books (book_id, title, testament)
VALUES (33, 'Micah', 'OT');
INSERT INTO public.books (book_id, title, testament)
VALUES (34, 'Nahum', 'OT');
INSERT INTO public.books (book_id, title, testament)
VALUES (35, 'Habakkuk', 'OT');
INSERT INTO public.books (book_id, title, testament)
VALUES (36, 'Zephaniah', 'OT');
INSERT INTO public.books (book_id, title, testament)
VALUES (37, 'Haggai', 'OT');
INSERT INTO public.books (book_id, title, testament)
VALUES (38, 'Zechariah', 'OT');
INSERT INTO public.books (book_id, title, testament)
VALUES (39, 'Malachi', 'OT');
INSERT INTO public.books (book_id, title, testament)
VALUES (40, 'Matthew', 'NT');
INSERT INTO public.books (book_id, title, testament)
VALUES (41, 'Mark', 'NT');
INSERT INTO public.books (book_id, title, testament)
VALUES (42, 'Luke', 'NT');
INSERT INTO public.books (book_id, title, testament)
VALUES (43, 'John', 'NT');
INSERT INTO public.books (book_id, title, testament)
VALUES (44, 'Acts', 'NT');
INSERT INTO public.books (book_id, title, testament)
VALUES (45, 'Romans', 'NT');
INSERT INTO public.books (book_id, title, testament)
VALUES (46, '1 Corinthians', 'NT');
INSERT INTO public.books (book_id, title, testament)
VALUES (47, '2 Corinthians', 'NT');
INSERT INTO public.books (book_id, title, testament)
VALUES (48, 'Galatians', 'NT');
INSERT INTO public.books (book_id, title, testament)
VALUES (49, 'Ephesians', 'NT');
INSERT INTO public.books (book_id, title, testament)
VALUES (50, 'Philippians', 'NT');
INSERT INTO public.books (book_id, title, testament)
VALUES (51, 'Colossians', 'NT');
INSERT INTO public.books (book_id, title, testament)
VALUES (52, '1 Thessalonians', 'NT');
INSERT INTO public.books (book_id, title, testament)
VALUES (53, '2 Thessalonians', 'NT');
INSERT INTO public.books (book_id, title, testament)
VALUES (54, '1 Timothy', 'NT');
INSERT INTO public.books (book_id, title, testament)
VALUES (55, '2 Timothy', 'NT');
INSERT INTO public.books (book_id, title, testament)
VALUES (56, 'Titus', 'NT');
INSERT INTO public.books (book_id, title, testament)
VALUES (57, 'Philemon', 'NT');
INSERT INTO public.books (book_id, title, testament)
VALUES (58, 'Hebrews', 'NT');
INSERT INTO public.books (book_id, title, testament)
VALUES (59, 'James', 'NT');
INSERT INTO public.books (book_id, title, testament)
VALUES (60, '1 Peter', 'NT');
INSERT INTO public.books (book_id, title, testament)
VALUES (61, '2 Peter', 'NT');
INSERT INTO public.books (book_id, title, testament)
VALUES (62, '1 John', 'NT');
INSERT INTO public.books (book_id, title, testament)
VALUES (63, '2 John', 'NT');
INSERT INTO public.books (book_id, title, testament)
VALUES (64, '3 John', 'NT');
INSERT INTO public.books (book_id, title, testament)
VALUES (65, 'Jude', 'NT');
INSERT INTO public.books (book_id, title, testament)
VALUES (66, 'Revelation', 'NT');
INSERT INTO public.chapters (chapter_id, book_id, chapter_no)
VALUES (1, 1, 1);
INSERT INTO public.chapters (chapter_id, book_id, chapter_no)
VALUES (2, 1, 2);
INSERT INTO public.chapters (chapter_id, book_id, chapter_no)
VALUES (3, 1, 3);
INSERT INTO public.chapters (chapter_id, book_id, chapter_no)
VALUES (4, 1, 4);
INSERT INTO public.chapters (chapter_id, book_id, chapter_no)
VALUES (5, 1, 5);
INSERT INTO public.chapters (chapter_id, book_id, chapter_no)
VALUES (6, 1, 6);
INSERT INTO public.chapters (chapter_id, book_id, chapter_no)
VALUES (7, 1, 7);
INSERT INTO public.chapters (chapter_id, book_id, chapter_no)
VALUES (8, 1, 8);
INSERT INTO public.chapters (chapter_id, book_id, chapter_no)
VALUES (9, 1, 9);
INSERT INTO public.chapters (chapter_id, book_id, chapter_no)
VALUES (10, 1, 10);
INSERT INTO public.chapters (chapter_id, book_id, chapter_no)
VALUES (11, 1, 11);
INSERT INTO public.chapters (chapter_id, book_id, chapter_no)
VALUES (12, 1, 12);
INSERT INTO public.chapters (chapter_id, book_id, chapter_no)
VALUES (13, 1, 13);
INSERT INTO public.chapters (chapter_id, book_id, chapter_no)
VALUES (14, 1, 14);
INSERT INTO public.chapters (chapter_id, book_id, chapter_no)
VALUES (15, 1, 15);
INSERT INTO public.chapters (chapter_id, book_id, chapter_no)
VALUES (16, 1, 16);
INSERT INTO public.chapters (chapter_id, book_id, chapter_no)
VALUES (17, 1, 17);
INSERT INTO public.chapters (chapter_id, book_id, chapter_no)
VALUES (18, 1, 18);
INSERT INTO public.chapters (chapter_id, book_id, chapter_no)
VALUES (19, 1, 19);
INSERT INTO public.chapters (chapter_id, book_id, chapter_no)
VALUES (20, 1, 20);
INSERT INTO public.chapters (chapter_id, book_id, chapter_no)
VALUES (21, 1, 21);
INSERT INTO public.chapters (chapter_id, book_id, chapter_no)
VALUES (22, 1, 22);
INSERT INTO public.chapters (chapter_id, book_id, chapter_no)
VALUES (23, 1, 23);
INSERT INTO public.chapters (chapter_id, book_id, chapter_no)
VALUES (24, 1, 24);
INSERT INTO public.chapters (chapter_id, book_id, chapter_no)
VALUES (25, 1, 25);
INSERT INTO public.chapters (chapter_id, book_id, chapter_no)
VALUES (26, 1, 26);
INSERT INTO public.chapters (chapter_id, book_id, chapter_no)
VALUES (27, 1, 27);
INSERT INTO public.chapters (chapter_id, book_id, chapter_no)
VALUES (28, 1, 28);
INSERT INTO public.chapters (chapter_id, book_id, chapter_no)
VALUES (29, 1, 29);
INSERT INTO public.chapters (chapter_id, book_id, chapter_no)
VALUES (30, 1, 30);
INSERT INTO public.chapters (chapter_id, book_id, chapter_no)
VALUES (31, 1, 31);
INSERT INTO public.chapters (chapter_id, book_id, chapter_no)
VALUES (32, 1, 32);
INSERT INTO public.chapters (chapter_id, book_id, chapter_no)
VALUES (33, 1, 33);
INSERT INTO public.chapters (chapter_id, book_id, chapter_no)
VALUES (34, 1, 34);
INSERT INTO public.chapters (chapter_id, book_id, chapter_no)
VALUES (35, 1, 35);
INSERT INTO public.chapters (chapter_id, book_id, chapter_no)
VALUES (36, 1, 36);
INSERT INTO public.chapters (chapter_id, book_id, chapter_no)
VALUES (37, 1, 37);
INSERT INTO public.chapters (chapter_id, book_id, chapter_no)
VALUES (38, 1, 38);
INSERT INTO public.chapters (chapter_id, book_id, chapter_no)
VALUES (39, 1, 39);
INSERT INTO public.chapters (chapter_id, book_id, chapter_no)
VALUES (40, 1, 40);
INSERT INTO public.chapters (chapter_id, book_id, chapter_no)
VALUES (41, 1, 41);
INSERT INTO public.chapters (chapter_id, book_id, chapter_no)
VALUES (42, 1, 42);
INSERT INTO public.chapters (chapter_id, book_id, chapter_no)
VALUES (43, 1, 43);
INSERT INTO public.chapters (chapter_id, book_id, chapter_no)
VALUES (44, 1, 44);
INSERT INTO public.chapters (chapter_id, book_id, chapter_no)
VALUES (45, 1, 45);
INSERT INTO public.chapters (chapter_id, book_id, chapter_no)
VALUES (46, 1, 46);
INSERT INTO public.chapters (chapter_id, book_id, chapter_no)
VALUES (47, 1, 47);
INSERT INTO public.chapters (chapter_id, book_id, chapter_no)
VALUES (48, 1, 48);
INSERT INTO public.chapters (chapter_id, book_id, chapter_no)
VALUES (49, 1, 49);
INSERT INTO public.chapters (chapter_id, book_id, chapter_no)
VALUES (50, 1, 50);
INSERT INTO public.chapters (chapter_id, book_id, chapter_no)
VALUES (51, 2, 1);
INSERT INTO public.chapters (chapter_id, book_id, chapter_no)
VALUES (52, 2, 2);
INSERT INTO public.chapters (chapter_id, book_id, chapter_no)
VALUES (53, 2, 3);
INSERT INTO public.chapters (chapter_id, book_id, chapter_no)
VALUES (54, 2, 4);
INSERT INTO public.chapters (chapter_id, book_id, chapter_no)
VALUES (55, 2, 5);
INSERT INTO public.chapters (chapter_id, book_id, chapter_no)
VALUES (56, 2, 6);
INSERT INTO public.chapters (chapter_id, book_id, chapter_no)
VALUES (57, 2, 7);
INSERT INTO public.chapters (chapter_id, book_id, chapter_no)
VALUES (58, 2, 8);
INSERT INTO public.chapters (chapter_id, book_id, chapter_no)
VALUES (59, 2, 9);
INSERT INTO public.chapters (chapter_id, book_id, chapter_no)
VALUES (60, 2, 10);
INSERT INTO public.chapters (chapter_id, book_id, chapter_no)
VALUES (61, 2, 11);
INSERT INTO public.chapters (chapter_id, book_id, chapter_no)
VALUES (62, 2, 12);
INSERT INTO public.chapters (chapter_id, book_id, chapter_no)
VALUES (63, 2, 13);
INSERT INTO public.chapters (chapter_id, book_id, chapter_no)
VALUES (64, 2, 14);
INSERT INTO public.chapters (chapter_id, book_id, chapter_no)
VALUES (65, 2, 15);
INSERT INTO public.chapters (chapter_id, book_id, chapter_no)
VALUES (66, 2, 16);
INSERT INTO public.chapters (chapter_id, book_id, chapter_no)
VALUES (67, 2, 17);
INSERT INTO public.chapters (chapter_id, book_id, chapter_no)
VALUES (68, 2, 18);
INSERT INTO public.chapters (chapter_id, book_id, chapter_no)
VALUES (69, 2, 19);
INSERT INTO public.chapters (chapter_id, book_id, chapter_no)
VALUES (70, 2, 20);
INSERT INTO public.chapters (chapter_id, book_id, chapter_no)
VALUES (71, 2, 21);
INSERT INTO public.chapters (chapter_id, book_id, chapter_no)
VALUES (72, 2, 22);
INSERT INTO public.chapters (chapter_id, book_id, chapter_no)
VALUES (73, 2, 23);
INSERT INTO public.chapters (chapter_id, book_id, chapter_no)
VALUES (74, 2, 24);
INSERT INTO public.chapters (chapter_id, book_id, chapter_no)
VALUES (75, 2, 25);
INSERT INTO public.chapters (chapter_id, book_id, chapter_no)
VALUES (76, 2, 26);
INSERT INTO public.chapters (chapter_id, book_id, chapter_no)
VALUES (77, 2, 27);
INSERT INTO public.chapters (chapter_id, book_id, chapter_no)
VALUES (78, 2, 28);
INSERT INTO public.chapters (chapter_id, book_id, chapter_no)
VALUES (79, 2, 29);
INSERT INTO public.chapters (chapter_id, book_id, chapter_no)
VALUES (80, 2, 30);
INSERT INTO public.chapters (chapter_id, book_id, chapter_no)
VALUES (81, 2, 31);
INSERT INTO public.chapters (chapter_id, book_id, chapter_no)
VALUES (82, 2, 32);
INSERT INTO public.chapters (chapter_id, book_id, chapter_no)
VALUES (83, 2, 33);
INSERT INTO public.chapters (chapter_id, book_id, chapter_no)
VALUES (84, 2, 34);
INSERT INTO public.chapters (chapter_id, book_id, chapter_no)
VALUES (85, 2, 35);
INSERT INTO public.chapters (chapter_id, book_id, chapter_no)
VALUES (86, 2, 36);
INSERT INTO public.chapters (chapter_id, book_id, chapter_no)
VALUES (87, 2, 37);
INSERT INTO public.chapters (chapter_id, book_id, chapter_no)
VALUES (88, 2, 38);
INSERT INTO public.chapters (chapter_id, book_id, chapter_no)
VALUES (89, 2, 39);
INSERT INTO public.chapters (chapter_id, book_id, chapter_no)
VALUES (90, 2, 40);
INSERT INTO public.chapters (chapter_id, book_id, chapter_no)
VALUES (91, 3, 1);
INSERT INTO public.chapters (chapter_id, book_id, chapter_no)
VALUES (92, 3, 2);
INSERT INTO public.chapters (chapter_id, book_id, chapter_no)
VALUES (93, 3, 3);
INSERT INTO public.chapters (chapter_id, book_id, chapter_no)
VALUES (94, 3, 4);
INSERT INTO public.chapters (chapter_id, book_id, chapter_no)
VALUES (95, 3, 5);
INSERT INTO public.chapters (chapter_id, book_id, chapter_no)
VALUES (96, 3, 6);
INSERT INTO public.chapters (chapter_id, book_id, chapter_no)
VALUES (97, 3, 7);
INSERT INTO public.chapters (chapter_id, book_id, chapter_no)
VALUES (98, 3, 8);
INSERT INTO public.chapters (chapter_id, book_id, chapter_no)
VALUES (99, 3, 9);
INSERT INTO public.chapters (chapter_id, book_id, chapter_no)
VALUES (100, 3, 10);
INSERT INTO public.chapters (chapter_id, book_id, chapter_no)
VALUES (101, 3, 11);
INSERT INTO public.chapters (chapter_id, book_id, chapter_no)
VALUES (102, 3, 12);
INSERT INTO public.chapters (chapter_id, book_id, chapter_no)
VALUES (103, 3, 13);
INSERT INTO public.chapters (chapter_id, book_id, chapter_no)
VALUES (104, 3, 14);
INSERT INTO public.chapters (chapter_id, book_id, chapter_no)
VALUES (105, 3, 15);
INSERT INTO public.chapters (chapter_id, book_id, chapter_no)
VALUES (106, 3, 16);
INSERT INTO public.chapters (chapter_id, book_id, chapter_no)
VALUES (107, 3, 17);
INSERT INTO public.chapters (chapter_id, book_id, chapter_no)
VALUES (108, 3, 18);
INSERT INTO public.chapters (chapter_id, book_id, chapter_no)
VALUES (109, 3, 19);
INSERT INTO public.chapters (chapter_id, book_id, chapter_no)
VALUES (110, 3, 20);
INSERT INTO public.chapters (chapter_id, book_id, chapter_no)
VALUES (111, 3, 21);
INSERT INTO public.chapters (chapter_id, book_id, chapter_no)
VALUES (112, 3, 22);
INSERT INTO public.chapters (chapter_id, book_id, chapter_no)
VALUES (113, 3, 23);
INSERT INTO public.chapters (chapter_id, book_id, chapter_no)
VALUES (114, 3, 24);
INSERT INTO public.chapters (chapter_id, book_id, chapter_no)
VALUES (115, 3, 25);
INSERT INTO public.chapters (chapter_id, book_id, chapter_no)
VALUES (116, 3, 26);
INSERT INTO public.chapters (chapter_id, book_id, chapter_no)
VALUES (117, 3, 27);
INSERT INTO public.chapters (chapter_id, book_id, chapter_no)
VALUES (118, 4, 1);
INSERT INTO public.chapters (chapter_id, book_id, chapter_no)
VALUES (119, 4, 2);
INSERT INTO public.chapters (chapter_id, book_id, chapter_no)
VALUES (120, 4, 3);
INSERT INTO public.chapters (chapter_id, book_id, chapter_no)
VALUES (121, 4, 4);
INSERT INTO public.chapters (chapter_id, book_id, chapter_no)
VALUES (122, 4, 5);
INSERT INTO public.chapters (chapter_id, book_id, chapter_no)
VALUES (123, 4, 6);
INSERT INTO public.chapters (chapter_id, book_id, chapter_no)
VALUES (124, 4, 7);
INSERT INTO public.chapters (chapter_id, book_id, chapter_no)
VALUES (125, 4, 8);
INSERT INTO public.chapters (chapter_id, book_id, chapter_no)
VALUES (126, 4, 9);
INSERT INTO public.chapters (chapter_id, book_id, chapter_no)
VALUES (127, 4, 10);
INSERT INTO public.chapters (chapter_id, book_id, chapter_no)
VALUES (128, 4, 11);
INSERT INTO public.chapters (chapter_id, book_id, chapter_no)
VALUES (129, 4, 12);
INSERT INTO public.chapters (chapter_id, book_id, chapter_no)
VALUES (130, 4, 13);
INSERT INTO public.chapters (chapter_id, book_id, chapter_no)
VALUES (131, 4, 14);
INSERT INTO public.chapters (chapter_id, book_id, chapter_no)
VALUES (132, 4, 15);
INSERT INTO public.chapters (chapter_id, book_id, chapter_no)
VALUES (133, 4, 16);
INSERT INTO public.chapters (chapter_id, book_id, chapter_no)
VALUES (134, 4, 17);
INSERT INTO public.chapters (chapter_id, book_id, chapter_no)
VALUES (135, 4, 18);
INSERT INTO public.chapters (chapter_id, book_id, chapter_no)
VALUES (136, 4, 19);
INSERT INTO public.chapters (chapter_id, book_id, chapter_no)
VALUES (137, 4, 20);
INSERT INTO public.chapters (chapter_id, book_id, chapter_no)
VALUES (138, 4, 21);
INSERT INTO public.chapters (chapter_id, book_id, chapter_no)
VALUES (139, 4, 22);
INSERT INTO public.chapters (chapter_id, book_id, chapter_no)
VALUES (140, 4, 23);
INSERT INTO public.chapters (chapter_id, book_id, chapter_no)
VALUES (141, 4, 24);
INSERT INTO public.chapters (chapter_id, book_id, chapter_no)
VALUES (142, 4, 25);
INSERT INTO public.chapters (chapter_id, book_id, chapter_no)
VALUES (143, 4, 26);
INSERT INTO public.chapters (chapter_id, book_id, chapter_no)
VALUES (144, 4, 27);
INSERT INTO public.chapters (chapter_id, book_id, chapter_no)
VALUES (145, 4, 28);
INSERT INTO public.chapters (chapter_id, book_id, chapter_no)
VALUES (146, 4, 29);
INSERT INTO public.chapters (chapter_id, book_id, chapter_no)
VALUES (147, 4, 30);
INSERT INTO public.chapters (chapter_id, book_id, chapter_no)
VALUES (148, 4, 31);
INSERT INTO public.chapters (chapter_id, book_id, chapter_no)
VALUES (149, 4, 32);
INSERT INTO public.chapters (chapter_id, book_id, chapter_no)
VALUES (150, 4, 33);
INSERT INTO public.chapters (chapter_id, book_id, chapter_no)
VALUES (151, 4, 34);
INSERT INTO public.chapters (chapter_id, book_id, chapter_no)
VALUES (152, 4, 35);
INSERT INTO public.chapters (chapter_id, book_id, chapter_no)
VALUES (153, 4, 36);
INSERT INTO public.chapters (chapter_id, book_id, chapter_no)
VALUES (154, 5, 1);
INSERT INTO public.chapters (chapter_id, book_id, chapter_no)
VALUES (155, 5, 2);
INSERT INTO public.chapters (chapter_id, book_id, chapter_no)
VALUES (156, 5, 3);
INSERT INTO public.chapters (chapter_id, book_id, chapter_no)
VALUES (157, 5, 4);
INSERT INTO public.chapters (chapter_id, book_id, chapter_no)
VALUES (158, 5, 5);
INSERT INTO public.chapters (chapter_id, book_id, chapter_no)
VALUES (159, 5, 6);
INSERT INTO public.chapters (chapter_id, book_id, chapter_no)
VALUES (160, 5, 7);
INSERT INTO public.chapters (chapter_id, book_id, chapter_no)
VALUES (161, 5, 8);
INSERT INTO public.chapters (chapter_id, book_id, chapter_no)
VALUES (162, 5, 9);
INSERT INTO public.chapters (chapter_id, book_id, chapter_no)
VALUES (163, 5, 10);
INSERT INTO public.chapters (chapter_id, book_id, chapter_no)
VALUES (164, 5, 11);
INSERT INTO public.chapters (chapter_id, book_id, chapter_no)
VALUES (165, 5, 12);
INSERT INTO public.chapters (chapter_id, book_id, chapter_no)
VALUES (166, 5, 13);
INSERT INTO public.chapters (chapter_id, book_id, chapter_no)
VALUES (167, 5, 14);
INSERT INTO public.chapters (chapter_id, book_id, chapter_no)
VALUES (168, 5, 15);
INSERT INTO public.chapters (chapter_id, book_id, chapter_no)
VALUES (169, 5, 16);
INSERT INTO public.chapters (chapter_id, book_id, chapter_no)
VALUES (170, 5, 17);
INSERT INTO public.chapters (chapter_id, book_id, chapter_no)
VALUES (171, 5, 18);
INSERT INTO public.chapters (chapter_id, book_id, chapter_no)
VALUES (172, 5, 19);
INSERT INTO public.chapters (chapter_id, book_id, chapter_no)
VALUES (173, 5, 20);
INSERT INTO public.chapters (chapter_id, book_id, chapter_no)
VALUES (174, 5, 21);
INSERT INTO public.chapters (chapter_id, book_id, chapter_no)
VALUES (175, 5, 22);
INSERT INTO public.chapters (chapter_id, book_id, chapter_no)
VALUES (176, 5, 23);
INSERT INTO public.chapters (chapter_id, book_id, chapter_no)
VALUES (177, 5, 24);
INSERT INTO public.chapters (chapter_id, book_id, chapter_no)
VALUES (178, 5, 25);
INSERT INTO public.chapters (chapter_id, book_id, chapter_no)
VALUES (179, 5, 26);
INSERT INTO public.chapters (chapter_id, book_id, chapter_no)
VALUES (180, 5, 27);
INSERT INTO public.chapters (chapter_id, book_id, chapter_no)
VALUES (181, 5, 28);
INSERT INTO public.chapters (chapter_id, book_id, chapter_no)
VALUES (182, 5, 29);
INSERT INTO public.chapters (chapter_id, book_id, chapter_no)
VALUES (183, 5, 30);
INSERT INTO public.chapters (chapter_id, book_id, chapter_no)
VALUES (184, 5, 31);
INSERT INTO public.chapters (chapter_id, book_id, chapter_no)
VALUES (185, 5, 32);
INSERT INTO public.chapters (chapter_id, book_id, chapter_no)
VALUES (186, 5, 33);
INSERT INTO public.chapters (chapter_id, book_id, chapter_no)
VALUES (187, 5, 34);
INSERT INTO public.chapters (chapter_id, book_id, chapter_no)
VALUES (188, 6, 1);
INSERT INTO public.chapters (chapter_id, book_id, chapter_no)
VALUES (189, 6, 2);
INSERT INTO public.chapters (chapter_id, book_id, chapter_no)
VALUES (190, 6, 3);
INSERT INTO public.chapters (chapter_id, book_id, chapter_no)
VALUES (191, 6, 4);
INSERT INTO public.chapters (chapter_id, book_id, chapter_no)
VALUES (192, 6, 5);
INSERT INTO public.chapters (chapter_id, book_id, chapter_no)
VALUES (193, 6, 6);
INSERT INTO public.chapters (chapter_id, book_id, chapter_no)
VALUES (194, 6, 7);
INSERT INTO public.chapters (chapter_id, book_id, chapter_no)
VALUES (195, 6, 8);
INSERT INTO public.chapters (chapter_id, book_id, chapter_no)
VALUES (196, 6, 9);
INSERT INTO public.chapters (chapter_id, book_id, chapter_no)
VALUES (197, 6, 10);
INSERT INTO public.chapters (chapter_id, book_id, chapter_no)
VALUES (198, 6, 11);
INSERT INTO public.chapters (chapter_id, book_id, chapter_no)
VALUES (199, 6, 12);
INSERT INTO public.chapters (chapter_id, book_id, chapter_no)
VALUES (200, 6, 13);
INSERT INTO public.chapters (chapter_id, book_id, chapter_no)
VALUES (201, 6, 14);
INSERT INTO public.chapters (chapter_id, book_id, chapter_no)
VALUES (202, 6, 15);
INSERT INTO public.chapters (chapter_id, book_id, chapter_no)
VALUES (203, 6, 16);
INSERT INTO public.chapters (chapter_id, book_id, chapter_no)
VALUES (204, 6, 17);
INSERT INTO public.chapters (chapter_id, book_id, chapter_no)
VALUES (205, 6, 18);
INSERT INTO public.chapters (chapter_id, book_id, chapter_no)
VALUES (206, 6, 19);
INSERT INTO public.chapters (chapter_id, book_id, chapter_no)
VALUES (207, 6, 20);
INSERT INTO public.chapters (chapter_id, book_id, chapter_no)
VALUES (208, 6, 21);
INSERT INTO public.chapters (chapter_id, book_id, chapter_no)
VALUES (209, 6, 22);
INSERT INTO public.chapters (chapter_id, book_id, chapter_no)
VALUES (210, 6, 23);
INSERT INTO public.chapters (chapter_id, book_id, chapter_no)
VALUES (211, 6, 24);
INSERT INTO public.chapters (chapter_id, book_id, chapter_no)
VALUES (212, 7, 1);
INSERT INTO public.chapters (chapter_id, book_id, chapter_no)
VALUES (213, 7, 2);
INSERT INTO public.chapters (chapter_id, book_id, chapter_no)
VALUES (214, 7, 3);
INSERT INTO public.chapters (chapter_id, book_id, chapter_no)
VALUES (215, 7, 4);
INSERT INTO public.chapters (chapter_id, book_id, chapter_no)
VALUES (216, 7, 5);
INSERT INTO public.chapters (chapter_id, book_id, chapter_no)
VALUES (217, 7, 6);
INSERT INTO public.chapters (chapter_id, book_id, chapter_no)
VALUES (218, 7, 7);
INSERT INTO public.chapters (chapter_id, book_id, chapter_no)
VALUES (219, 7, 8);
INSERT INTO public.chapters (chapter_id, book_id, chapter_no)
VALUES (220, 7, 9);
INSERT INTO public.chapters (chapter_id, book_id, chapter_no)
VALUES (221, 7, 10);
INSERT INTO public.chapters (chapter_id, book_id, chapter_no)
VALUES (222, 7, 11);
INSERT INTO public.chapters (chapter_id, book_id, chapter_no)
VALUES (223, 7, 12);
INSERT INTO public.chapters (chapter_id, book_id, chapter_no)
VALUES (224, 7, 13);
INSERT INTO public.chapters (chapter_id, book_id, chapter_no)
VALUES (225, 7, 14);
INSERT INTO public.chapters (chapter_id, book_id, chapter_no)
VALUES (226, 7, 15);
INSERT INTO public.chapters (chapter_id, book_id, chapter_no)
VALUES (227, 7, 16);
INSERT INTO public.chapters (chapter_id, book_id, chapter_no)
VALUES (228, 7, 17);
INSERT INTO public.chapters (chapter_id, book_id, chapter_no)
VALUES (229, 7, 18);
INSERT INTO public.chapters (chapter_id, book_id, chapter_no)
VALUES (230, 7, 19);
INSERT INTO public.chapters (chapter_id, book_id, chapter_no)
VALUES (231, 7, 20);
INSERT INTO public.chapters (chapter_id, book_id, chapter_no)
VALUES (232, 7, 21);
INSERT INTO public.chapters (chapter_id, book_id, chapter_no)
VALUES (233, 8, 1);
INSERT INTO public.chapters (chapter_id, book_id, chapter_no)
VALUES (234, 8, 2);
INSERT INTO public.chapters (chapter_id, book_id, chapter_no)
VALUES (235, 8, 3);
INSERT INTO public.chapters (chapter_id, book_id, chapter_no)
VALUES (236, 8, 4);
INSERT INTO public.chapters (chapter_id, book_id, chapter_no)
VALUES (237, 9, 1);
INSERT INTO public.chapters (chapter_id, book_id, chapter_no)
VALUES (238, 9, 2);
INSERT INTO public.chapters (chapter_id, book_id, chapter_no)
VALUES (239, 9, 3);
INSERT INTO public.chapters (chapter_id, book_id, chapter_no)
VALUES (240, 9, 4);
INSERT INTO public.chapters (chapter_id, book_id, chapter_no)
VALUES (241, 9, 5);
INSERT INTO public.chapters (chapter_id, book_id, chapter_no)
VALUES (242, 9, 6);
INSERT INTO public.chapters (chapter_id, book_id, chapter_no)
VALUES (243, 9, 7);
INSERT INTO public.chapters (chapter_id, book_id, chapter_no)
VALUES (244, 9, 8);
INSERT INTO public.chapters (chapter_id, book_id, chapter_no)
VALUES (245, 9, 9);
INSERT INTO public.chapters (chapter_id, book_id, chapter_no)
VALUES (246, 9, 10);
INSERT INTO public.chapters (chapter_id, book_id, chapter_no)
VALUES (247, 9, 11);
INSERT INTO public.chapters (chapter_id, book_id, chapter_no)
VALUES (248, 9, 12);
INSERT INTO public.chapters (chapter_id, book_id, chapter_no)
VALUES (249, 9, 13);
INSERT INTO public.chapters (chapter_id, book_id, chapter_no)
VALUES (250, 9, 14);
INSERT INTO public.chapters (chapter_id, book_id, chapter_no)
VALUES (251, 9, 15);
INSERT INTO public.chapters (chapter_id, book_id, chapter_no)
VALUES (252, 9, 16);
INSERT INTO public.chapters (chapter_id, book_id, chapter_no)
VALUES (253, 9, 17);
INSERT INTO public.chapters (chapter_id, book_id, chapter_no)
VALUES (254, 9, 18);
INSERT INTO public.chapters (chapter_id, book_id, chapter_no)
VALUES (255, 9, 19);
INSERT INTO public.chapters (chapter_id, book_id, chapter_no)
VALUES (256, 9, 20);
INSERT INTO public.chapters (chapter_id, book_id, chapter_no)
VALUES (257, 9, 21);
INSERT INTO public.chapters (chapter_id, book_id, chapter_no)
VALUES (258, 9, 22);
INSERT INTO public.chapters (chapter_id, book_id, chapter_no)
VALUES (259, 9, 23);
INSERT INTO public.chapters (chapter_id, book_id, chapter_no)
VALUES (260, 9, 24);
INSERT INTO public.chapters (chapter_id, book_id, chapter_no)
VALUES (261, 9, 25);
INSERT INTO public.chapters (chapter_id, book_id, chapter_no)
VALUES (262, 9, 26);
INSERT INTO public.chapters (chapter_id, book_id, chapter_no)
VALUES (263, 9, 27);
INSERT INTO public.chapters (chapter_id, book_id, chapter_no)
VALUES (264, 9, 28);
INSERT INTO public.chapters (chapter_id, book_id, chapter_no)
VALUES (265, 9, 29);
INSERT INTO public.chapters (chapter_id, book_id, chapter_no)
VALUES (266, 9, 30);
INSERT INTO public.chapters (chapter_id, book_id, chapter_no)
VALUES (267, 9, 31);
INSERT INTO public.chapters (chapter_id, book_id, chapter_no)
VALUES (268, 10, 1);
INSERT INTO public.chapters (chapter_id, book_id, chapter_no)
VALUES (269, 10, 2);
INSERT INTO public.chapters (chapter_id, book_id, chapter_no)
VALUES (270, 10, 3);
INSERT INTO public.chapters (chapter_id, book_id, chapter_no)
VALUES (271, 10, 4);
INSERT INTO public.chapters (chapter_id, book_id, chapter_no)
VALUES (272, 10, 5);
INSERT INTO public.chapters (chapter_id, book_id, chapter_no)
VALUES (273, 10, 6);
INSERT INTO public.chapters (chapter_id, book_id, chapter_no)
VALUES (274, 10, 7);
INSERT INTO public.chapters (chapter_id, book_id, chapter_no)
VALUES (275, 10, 8);
INSERT INTO public.chapters (chapter_id, book_id, chapter_no)
VALUES (276, 10, 9);
INSERT INTO public.chapters (chapter_id, book_id, chapter_no)
VALUES (277, 10, 10);
INSERT INTO public.chapters (chapter_id, book_id, chapter_no)
VALUES (278, 10, 11);
INSERT INTO public.chapters (chapter_id, book_id, chapter_no)
VALUES (279, 10, 12);
INSERT INTO public.chapters (chapter_id, book_id, chapter_no)
VALUES (280, 10, 13);
INSERT INTO public.chapters (chapter_id, book_id, chapter_no)
VALUES (281, 10, 14);
INSERT INTO public.chapters (chapter_id, book_id, chapter_no)
VALUES (282, 10, 15);
INSERT INTO public.chapters (chapter_id, book_id, chapter_no)
VALUES (283, 10, 16);
INSERT INTO public.chapters (chapter_id, book_id, chapter_no)
VALUES (284, 10, 17);
INSERT INTO public.chapters (chapter_id, book_id, chapter_no)
VALUES (285, 10, 18);
INSERT INTO public.chapters (chapter_id, book_id, chapter_no)
VALUES (286, 10, 19);
INSERT INTO public.chapters (chapter_id, book_id, chapter_no)
VALUES (287, 10, 20);
INSERT INTO public.chapters (chapter_id, book_id, chapter_no)
VALUES (288, 10, 21);
INSERT INTO public.chapters (chapter_id, book_id, chapter_no)
VALUES (289, 10, 22);
INSERT INTO public.chapters (chapter_id, book_id, chapter_no)
VALUES (290, 10, 23);
INSERT INTO public.chapters (chapter_id, book_id, chapter_no)
VALUES (291, 10, 24);
INSERT INTO public.chapters (chapter_id, book_id, chapter_no)
VALUES (292, 11, 1);
INSERT INTO public.chapters (chapter_id, book_id, chapter_no)
VALUES (293, 11, 2);
INSERT INTO public.chapters (chapter_id, book_id, chapter_no)
VALUES (294, 11, 3);
INSERT INTO public.chapters (chapter_id, book_id, chapter_no)
VALUES (295, 11, 4);
INSERT INTO public.chapters (chapter_id, book_id, chapter_no)
VALUES (296, 11, 5);
INSERT INTO public.chapters (chapter_id, book_id, chapter_no)
VALUES (297, 11, 6);
INSERT INTO public.chapters (chapter_id, book_id, chapter_no)
VALUES (298, 11, 7);
INSERT INTO public.chapters (chapter_id, book_id, chapter_no)
VALUES (299, 11, 8);
INSERT INTO public.chapters (chapter_id, book_id, chapter_no)
VALUES (300, 11, 9);
INSERT INTO public.chapters (chapter_id, book_id, chapter_no)
VALUES (301, 11, 10);
INSERT INTO public.chapters (chapter_id, book_id, chapter_no)
VALUES (302, 11, 11);
INSERT INTO public.chapters (chapter_id, book_id, chapter_no)
VALUES (303, 11, 12);
INSERT INTO public.chapters (chapter_id, book_id, chapter_no)
VALUES (304, 11, 13);
INSERT INTO public.chapters (chapter_id, book_id, chapter_no)
VALUES (305, 11, 14);
INSERT INTO public.chapters (chapter_id, book_id, chapter_no)
VALUES (306, 11, 15);
INSERT INTO public.chapters (chapter_id, book_id, chapter_no)
VALUES (307, 11, 16);
INSERT INTO public.chapters (chapter_id, book_id, chapter_no)
VALUES (308, 11, 17);
INSERT INTO public.chapters (chapter_id, book_id, chapter_no)
VALUES (309, 11, 18);
INSERT INTO public.chapters (chapter_id, book_id, chapter_no)
VALUES (310, 11, 19);
INSERT INTO public.chapters (chapter_id, book_id, chapter_no)
VALUES (311, 11, 20);
INSERT INTO public.chapters (chapter_id, book_id, chapter_no)
VALUES (312, 11, 21);
INSERT INTO public.chapters (chapter_id, book_id, chapter_no)
VALUES (313, 11, 22);
INSERT INTO public.chapters (chapter_id, book_id, chapter_no)
VALUES (314, 12, 1);
INSERT INTO public.chapters (chapter_id, book_id, chapter_no)
VALUES (315, 12, 2);
INSERT INTO public.chapters (chapter_id, book_id, chapter_no)
VALUES (316, 12, 3);
INSERT INTO public.chapters (chapter_id, book_id, chapter_no)
VALUES (317, 12, 4);
INSERT INTO public.chapters (chapter_id, book_id, chapter_no)
VALUES (318, 12, 5);
INSERT INTO public.chapters (chapter_id, book_id, chapter_no)
VALUES (319, 12, 6);
INSERT INTO public.chapters (chapter_id, book_id, chapter_no)
VALUES (320, 12, 7);
INSERT INTO public.chapters (chapter_id, book_id, chapter_no)
VALUES (321, 12, 8);
INSERT INTO public.chapters (chapter_id, book_id, chapter_no)
VALUES (322, 12, 9);
INSERT INTO public.chapters (chapter_id, book_id, chapter_no)
VALUES (323, 12, 10);
INSERT INTO public.chapters (chapter_id, book_id, chapter_no)
VALUES (324, 12, 11);
INSERT INTO public.chapters (chapter_id, book_id, chapter_no)
VALUES (325, 12, 12);
INSERT INTO public.chapters (chapter_id, book_id, chapter_no)
VALUES (326, 12, 13);
INSERT INTO public.chapters (chapter_id, book_id, chapter_no)
VALUES (327, 12, 14);
INSERT INTO public.chapters (chapter_id, book_id, chapter_no)
VALUES (328, 12, 15);
INSERT INTO public.chapters (chapter_id, book_id, chapter_no)
VALUES (329, 12, 16);
INSERT INTO public.chapters (chapter_id, book_id, chapter_no)
VALUES (330, 12, 17);
INSERT INTO public.chapters (chapter_id, book_id, chapter_no)
VALUES (331, 12, 18);
INSERT INTO public.chapters (chapter_id, book_id, chapter_no)
VALUES (332, 12, 19);
INSERT INTO public.chapters (chapter_id, book_id, chapter_no)
VALUES (333, 12, 20);
INSERT INTO public.chapters (chapter_id, book_id, chapter_no)
VALUES (334, 12, 21);
INSERT INTO public.chapters (chapter_id, book_id, chapter_no)
VALUES (335, 12, 22);
INSERT INTO public.chapters (chapter_id, book_id, chapter_no)
VALUES (336, 12, 23);
INSERT INTO public.chapters (chapter_id, book_id, chapter_no)
VALUES (337, 12, 24);
INSERT INTO public.chapters (chapter_id, book_id, chapter_no)
VALUES (338, 12, 25);
INSERT INTO public.chapters (chapter_id, book_id, chapter_no)
VALUES (339, 13, 1);
INSERT INTO public.chapters (chapter_id, book_id, chapter_no)
VALUES (340, 13, 2);
INSERT INTO public.chapters (chapter_id, book_id, chapter_no)
VALUES (341, 13, 3);
INSERT INTO public.chapters (chapter_id, book_id, chapter_no)
VALUES (342, 13, 4);
INSERT INTO public.chapters (chapter_id, book_id, chapter_no)
VALUES (343, 13, 5);
INSERT INTO public.chapters (chapter_id, book_id, chapter_no)
VALUES (344, 13, 6);
INSERT INTO public.chapters (chapter_id, book_id, chapter_no)
VALUES (345, 13, 7);
INSERT INTO public.chapters (chapter_id, book_id, chapter_no)
VALUES (346, 13, 8);
INSERT INTO public.chapters (chapter_id, book_id, chapter_no)
VALUES (347, 13, 9);
INSERT INTO public.chapters (chapter_id, book_id, chapter_no)
VALUES (348, 13, 10);
INSERT INTO public.chapters (chapter_id, book_id, chapter_no)
VALUES (349, 13, 11);
INSERT INTO public.chapters (chapter_id, book_id, chapter_no)
VALUES (350, 13, 12);
INSERT INTO public.chapters (chapter_id, book_id, chapter_no)
VALUES (351, 13, 13);
INSERT INTO public.chapters (chapter_id, book_id, chapter_no)
VALUES (352, 13, 14);
INSERT INTO public.chapters (chapter_id, book_id, chapter_no)
VALUES (353, 13, 15);
INSERT INTO public.chapters (chapter_id, book_id, chapter_no)
VALUES (354, 13, 16);
INSERT INTO public.chapters (chapter_id, book_id, chapter_no)
VALUES (355, 13, 17);
INSERT INTO public.chapters (chapter_id, book_id, chapter_no)
VALUES (356, 13, 18);
INSERT INTO public.chapters (chapter_id, book_id, chapter_no)
VALUES (357, 13, 19);
INSERT INTO public.chapters (chapter_id, book_id, chapter_no)
VALUES (358, 13, 20);
INSERT INTO public.chapters (chapter_id, book_id, chapter_no)
VALUES (359, 13, 21);
INSERT INTO public.chapters (chapter_id, book_id, chapter_no)
VALUES (360, 13, 22);
INSERT INTO public.chapters (chapter_id, book_id, chapter_no)
VALUES (361, 13, 23);
INSERT INTO public.chapters (chapter_id, book_id, chapter_no)
VALUES (362, 13, 24);
INSERT INTO public.chapters (chapter_id, book_id, chapter_no)
VALUES (363, 13, 25);
INSERT INTO public.chapters (chapter_id, book_id, chapter_no)
VALUES (364, 13, 26);
INSERT INTO public.chapters (chapter_id, book_id, chapter_no)
VALUES (365, 13, 27);
INSERT INTO public.chapters (chapter_id, book_id, chapter_no)
VALUES (366, 13, 28);
INSERT INTO public.chapters (chapter_id, book_id, chapter_no)
VALUES (367, 13, 29);
INSERT INTO public.chapters (chapter_id, book_id, chapter_no)
VALUES (368, 14, 1);
INSERT INTO public.chapters (chapter_id, book_id, chapter_no)
VALUES (369, 14, 2);
INSERT INTO public.chapters (chapter_id, book_id, chapter_no)
VALUES (370, 14, 3);
INSERT INTO public.chapters (chapter_id, book_id, chapter_no)
VALUES (371, 14, 4);
INSERT INTO public.chapters (chapter_id, book_id, chapter_no)
VALUES (372, 14, 5);
INSERT INTO public.chapters (chapter_id, book_id, chapter_no)
VALUES (373, 14, 6);
INSERT INTO public.chapters (chapter_id, book_id, chapter_no)
VALUES (374, 14, 7);
INSERT INTO public.chapters (chapter_id, book_id, chapter_no)
VALUES (375, 14, 8);
INSERT INTO public.chapters (chapter_id, book_id, chapter_no)
VALUES (376, 14, 9);
INSERT INTO public.chapters (chapter_id, book_id, chapter_no)
VALUES (377, 14, 10);
INSERT INTO public.chapters (chapter_id, book_id, chapter_no)
VALUES (378, 14, 11);
INSERT INTO public.chapters (chapter_id, book_id, chapter_no)
VALUES (379, 14, 12);
INSERT INTO public.chapters (chapter_id, book_id, chapter_no)
VALUES (380, 14, 13);
INSERT INTO public.chapters (chapter_id, book_id, chapter_no)
VALUES (381, 14, 14);
INSERT INTO public.chapters (chapter_id, book_id, chapter_no)
VALUES (382, 14, 15);
INSERT INTO public.chapters (chapter_id, book_id, chapter_no)
VALUES (383, 14, 16);
INSERT INTO public.chapters (chapter_id, book_id, chapter_no)
VALUES (384, 14, 17);
INSERT INTO public.chapters (chapter_id, book_id, chapter_no)
VALUES (385, 14, 18);
INSERT INTO public.chapters (chapter_id, book_id, chapter_no)
VALUES (386, 14, 19);
INSERT INTO public.chapters (chapter_id, book_id, chapter_no)
VALUES (387, 14, 20);
INSERT INTO public.chapters (chapter_id, book_id, chapter_no)
VALUES (388, 14, 21);
INSERT INTO public.chapters (chapter_id, book_id, chapter_no)
VALUES (389, 14, 22);
INSERT INTO public.chapters (chapter_id, book_id, chapter_no)
VALUES (390, 14, 23);
INSERT INTO public.chapters (chapter_id, book_id, chapter_no)
VALUES (391, 14, 24);
INSERT INTO public.chapters (chapter_id, book_id, chapter_no)
VALUES (392, 14, 25);
INSERT INTO public.chapters (chapter_id, book_id, chapter_no)
VALUES (393, 14, 26);
INSERT INTO public.chapters (chapter_id, book_id, chapter_no)
VALUES (394, 14, 27);
INSERT INTO public.chapters (chapter_id, book_id, chapter_no)
VALUES (395, 14, 28);
INSERT INTO public.chapters (chapter_id, book_id, chapter_no)
VALUES (396, 14, 29);
INSERT INTO public.chapters (chapter_id, book_id, chapter_no)
VALUES (397, 14, 30);
INSERT INTO public.chapters (chapter_id, book_id, chapter_no)
VALUES (398, 14, 31);
INSERT INTO public.chapters (chapter_id, book_id, chapter_no)
VALUES (399, 14, 32);
INSERT INTO public.chapters (chapter_id, book_id, chapter_no)
VALUES (400, 14, 33);
INSERT INTO public.chapters (chapter_id, book_id, chapter_no)
VALUES (401, 14, 34);
INSERT INTO public.chapters (chapter_id, book_id, chapter_no)
VALUES (402, 14, 35);
INSERT INTO public.chapters (chapter_id, book_id, chapter_no)
VALUES (403, 14, 36);
INSERT INTO public.chapters (chapter_id, book_id, chapter_no)
VALUES (404, 15, 1);
INSERT INTO public.chapters (chapter_id, book_id, chapter_no)
VALUES (405, 15, 2);
INSERT INTO public.chapters (chapter_id, book_id, chapter_no)
VALUES (406, 15, 3);
INSERT INTO public.chapters (chapter_id, book_id, chapter_no)
VALUES (407, 15, 4);
INSERT INTO public.chapters (chapter_id, book_id, chapter_no)
VALUES (408, 15, 5);
INSERT INTO public.chapters (chapter_id, book_id, chapter_no)
VALUES (409, 15, 6);
INSERT INTO public.chapters (chapter_id, book_id, chapter_no)
VALUES (410, 15, 7);
INSERT INTO public.chapters (chapter_id, book_id, chapter_no)
VALUES (411, 15, 8);
INSERT INTO public.chapters (chapter_id, book_id, chapter_no)
VALUES (412, 15, 9);
INSERT INTO public.chapters (chapter_id, book_id, chapter_no)
VALUES (413, 15, 10);
INSERT INTO public.chapters (chapter_id, book_id, chapter_no)
VALUES (414, 16, 1);
INSERT INTO public.chapters (chapter_id, book_id, chapter_no)
VALUES (415, 16, 2);
INSERT INTO public.chapters (chapter_id, book_id, chapter_no)
VALUES (416, 16, 3);
INSERT INTO public.chapters (chapter_id, book_id, chapter_no)
VALUES (417, 16, 4);
INSERT INTO public.chapters (chapter_id, book_id, chapter_no)
VALUES (418, 16, 5);
INSERT INTO public.chapters (chapter_id, book_id, chapter_no)
VALUES (419, 16, 6);
INSERT INTO public.chapters (chapter_id, book_id, chapter_no)
VALUES (420, 16, 7);
INSERT INTO public.chapters (chapter_id, book_id, chapter_no)
VALUES (421, 16, 8);
INSERT INTO public.chapters (chapter_id, book_id, chapter_no)
VALUES (422, 16, 9);
INSERT INTO public.chapters (chapter_id, book_id, chapter_no)
VALUES (423, 16, 10);
INSERT INTO public.chapters (chapter_id, book_id, chapter_no)
VALUES (424, 16, 11);
INSERT INTO public.chapters (chapter_id, book_id, chapter_no)
VALUES (425, 16, 12);
INSERT INTO public.chapters (chapter_id, book_id, chapter_no)
VALUES (426, 16, 13);
INSERT INTO public.chapters (chapter_id, book_id, chapter_no)
VALUES (427, 17, 1);
INSERT INTO public.chapters (chapter_id, book_id, chapter_no)
VALUES (428, 17, 2);
INSERT INTO public.chapters (chapter_id, book_id, chapter_no)
VALUES (429, 17, 3);
INSERT INTO public.chapters (chapter_id, book_id, chapter_no)
VALUES (430, 17, 4);
INSERT INTO public.chapters (chapter_id, book_id, chapter_no)
VALUES (431, 17, 5);
INSERT INTO public.chapters (chapter_id, book_id, chapter_no)
VALUES (432, 17, 6);
INSERT INTO public.chapters (chapter_id, book_id, chapter_no)
VALUES (433, 17, 7);
INSERT INTO public.chapters (chapter_id, book_id, chapter_no)
VALUES (434, 17, 8);
INSERT INTO public.chapters (chapter_id, book_id, chapter_no)
VALUES (435, 17, 9);
INSERT INTO public.chapters (chapter_id, book_id, chapter_no)
VALUES (436, 17, 10);
INSERT INTO public.chapters (chapter_id, book_id, chapter_no)
VALUES (437, 18, 1);
INSERT INTO public.chapters (chapter_id, book_id, chapter_no)
VALUES (438, 18, 2);
INSERT INTO public.chapters (chapter_id, book_id, chapter_no)
VALUES (439, 18, 3);
INSERT INTO public.chapters (chapter_id, book_id, chapter_no)
VALUES (440, 18, 4);
INSERT INTO public.chapters (chapter_id, book_id, chapter_no)
VALUES (441, 18, 5);
INSERT INTO public.chapters (chapter_id, book_id, chapter_no)
VALUES (442, 18, 6);
INSERT INTO public.chapters (chapter_id, book_id, chapter_no)
VALUES (443, 18, 7);
INSERT INTO public.chapters (chapter_id, book_id, chapter_no)
VALUES (444, 18, 8);
INSERT INTO public.chapters (chapter_id, book_id, chapter_no)
VALUES (445, 18, 9);
INSERT INTO public.chapters (chapter_id, book_id, chapter_no)
VALUES (446, 18, 10);
INSERT INTO public.chapters (chapter_id, book_id, chapter_no)
VALUES (447, 18, 11);
INSERT INTO public.chapters (chapter_id, book_id, chapter_no)
VALUES (448, 18, 12);
INSERT INTO public.chapters (chapter_id, book_id, chapter_no)
VALUES (449, 18, 13);
INSERT INTO public.chapters (chapter_id, book_id, chapter_no)
VALUES (450, 18, 14);
INSERT INTO public.chapters (chapter_id, book_id, chapter_no)
VALUES (451, 18, 15);
INSERT INTO public.chapters (chapter_id, book_id, chapter_no)
VALUES (452, 18, 16);
INSERT INTO public.chapters (chapter_id, book_id, chapter_no)
VALUES (453, 18, 17);
INSERT INTO public.chapters (chapter_id, book_id, chapter_no)
VALUES (454, 18, 18);
INSERT INTO public.chapters (chapter_id, book_id, chapter_no)
VALUES (455, 18, 19);
INSERT INTO public.chapters (chapter_id, book_id, chapter_no)
VALUES (456, 18, 20);
INSERT INTO public.chapters (chapter_id, book_id, chapter_no)
VALUES (457, 18, 21);
INSERT INTO public.chapters (chapter_id, book_id, chapter_no)
VALUES (458, 18, 22);
INSERT INTO public.chapters (chapter_id, book_id, chapter_no)
VALUES (459, 18, 23);
INSERT INTO public.chapters (chapter_id, book_id, chapter_no)
VALUES (460, 18, 24);
INSERT INTO public.chapters (chapter_id, book_id, chapter_no)
VALUES (461, 18, 25);
INSERT INTO public.chapters (chapter_id, book_id, chapter_no)
VALUES (462, 18, 26);
INSERT INTO public.chapters (chapter_id, book_id, chapter_no)
VALUES (463, 18, 27);
INSERT INTO public.chapters (chapter_id, book_id, chapter_no)
VALUES (464, 18, 28);
INSERT INTO public.chapters (chapter_id, book_id, chapter_no)
VALUES (465, 18, 29);
INSERT INTO public.chapters (chapter_id, book_id, chapter_no)
VALUES (466, 18, 30);
INSERT INTO public.chapters (chapter_id, book_id, chapter_no)
VALUES (467, 18, 31);
INSERT INTO public.chapters (chapter_id, book_id, chapter_no)
VALUES (468, 18, 32);
INSERT INTO public.chapters (chapter_id, book_id, chapter_no)
VALUES (469, 18, 33);
INSERT INTO public.chapters (chapter_id, book_id, chapter_no)
VALUES (470, 18, 34);
INSERT INTO public.chapters (chapter_id, book_id, chapter_no)
VALUES (471, 18, 35);
INSERT INTO public.chapters (chapter_id, book_id, chapter_no)
VALUES (472, 18, 36);
INSERT INTO public.chapters (chapter_id, book_id, chapter_no)
VALUES (473, 18, 37);
INSERT INTO public.chapters (chapter_id, book_id, chapter_no)
VALUES (474, 18, 38);
INSERT INTO public.chapters (chapter_id, book_id, chapter_no)
VALUES (475, 18, 39);
INSERT INTO public.chapters (chapter_id, book_id, chapter_no)
VALUES (476, 18, 40);
INSERT INTO public.chapters (chapter_id, book_id, chapter_no)
VALUES (477, 18, 41);
INSERT INTO public.chapters (chapter_id, book_id, chapter_no)
VALUES (478, 18, 42);
INSERT INTO public.chapters (chapter_id, book_id, chapter_no)
VALUES (479, 19, 1);
INSERT INTO public.chapters (chapter_id, book_id, chapter_no)
VALUES (480, 19, 2);
INSERT INTO public.chapters (chapter_id, book_id, chapter_no)
VALUES (481, 19, 3);
INSERT INTO public.chapters (chapter_id, book_id, chapter_no)
VALUES (482, 19, 4);
INSERT INTO public.chapters (chapter_id, book_id, chapter_no)
VALUES (483, 19, 5);
INSERT INTO public.chapters (chapter_id, book_id, chapter_no)
VALUES (484, 19, 6);
INSERT INTO public.chapters (chapter_id, book_id, chapter_no)
VALUES (485, 19, 7);
INSERT INTO public.chapters (chapter_id, book_id, chapter_no)
VALUES (486, 19, 8);
INSERT INTO public.chapters (chapter_id, book_id, chapter_no)
VALUES (487, 19, 9);
INSERT INTO public.chapters (chapter_id, book_id, chapter_no)
VALUES (488, 19, 10);
INSERT INTO public.chapters (chapter_id, book_id, chapter_no)
VALUES (489, 19, 11);
INSERT INTO public.chapters (chapter_id, book_id, chapter_no)
VALUES (490, 19, 12);
INSERT INTO public.chapters (chapter_id, book_id, chapter_no)
VALUES (491, 19, 13);
INSERT INTO public.chapters (chapter_id, book_id, chapter_no)
VALUES (492, 19, 14);
INSERT INTO public.chapters (chapter_id, book_id, chapter_no)
VALUES (493, 19, 15);
INSERT INTO public.chapters (chapter_id, book_id, chapter_no)
VALUES (494, 19, 16);
INSERT INTO public.chapters (chapter_id, book_id, chapter_no)
VALUES (495, 19, 17);
INSERT INTO public.chapters (chapter_id, book_id, chapter_no)
VALUES (496, 19, 18);
INSERT INTO public.chapters (chapter_id, book_id, chapter_no)
VALUES (497, 19, 19);
INSERT INTO public.chapters (chapter_id, book_id, chapter_no)
VALUES (498, 19, 20);
INSERT INTO public.chapters (chapter_id, book_id, chapter_no)
VALUES (499, 19, 21);
INSERT INTO public.chapters (chapter_id, book_id, chapter_no)
VALUES (500, 19, 22);
INSERT INTO public.chapters (chapter_id, book_id, chapter_no)
VALUES (501, 19, 23);
INSERT INTO public.chapters (chapter_id, book_id, chapter_no)
VALUES (502, 19, 24);
INSERT INTO public.chapters (chapter_id, book_id, chapter_no)
VALUES (503, 19, 25);
INSERT INTO public.chapters (chapter_id, book_id, chapter_no)
VALUES (504, 19, 26);
INSERT INTO public.chapters (chapter_id, book_id, chapter_no)
VALUES (505, 19, 27);
INSERT INTO public.chapters (chapter_id, book_id, chapter_no)
VALUES (506, 19, 28);
INSERT INTO public.chapters (chapter_id, book_id, chapter_no)
VALUES (507, 19, 29);
INSERT INTO public.chapters (chapter_id, book_id, chapter_no)
VALUES (508, 19, 30);
INSERT INTO public.chapters (chapter_id, book_id, chapter_no)
VALUES (509, 19, 31);
INSERT INTO public.chapters (chapter_id, book_id, chapter_no)
VALUES (510, 19, 32);
INSERT INTO public.chapters (chapter_id, book_id, chapter_no)
VALUES (511, 19, 33);
INSERT INTO public.chapters (chapter_id, book_id, chapter_no)
VALUES (512, 19, 34);
INSERT INTO public.chapters (chapter_id, book_id, chapter_no)
VALUES (513, 19, 35);
INSERT INTO public.chapters (chapter_id, book_id, chapter_no)
VALUES (514, 19, 36);
INSERT INTO public.chapters (chapter_id, book_id, chapter_no)
VALUES (515, 19, 37);
INSERT INTO public.chapters (chapter_id, book_id, chapter_no)
VALUES (516, 19, 38);
INSERT INTO public.chapters (chapter_id, book_id, chapter_no)
VALUES (517, 19, 39);
INSERT INTO public.chapters (chapter_id, book_id, chapter_no)
VALUES (518, 19, 40);
INSERT INTO public.chapters (chapter_id, book_id, chapter_no)
VALUES (519, 19, 41);
INSERT INTO public.chapters (chapter_id, book_id, chapter_no)
VALUES (520, 19, 42);
INSERT INTO public.chapters (chapter_id, book_id, chapter_no)
VALUES (521, 19, 43);
INSERT INTO public.chapters (chapter_id, book_id, chapter_no)
VALUES (522, 19, 44);
INSERT INTO public.chapters (chapter_id, book_id, chapter_no)
VALUES (523, 19, 45);
INSERT INTO public.chapters (chapter_id, book_id, chapter_no)
VALUES (524, 19, 46);
INSERT INTO public.chapters (chapter_id, book_id, chapter_no)
VALUES (525, 19, 47);
INSERT INTO public.chapters (chapter_id, book_id, chapter_no)
VALUES (526, 19, 48);
INSERT INTO public.chapters (chapter_id, book_id, chapter_no)
VALUES (527, 19, 49);
INSERT INTO public.chapters (chapter_id, book_id, chapter_no)
VALUES (528, 19, 50);
INSERT INTO public.chapters (chapter_id, book_id, chapter_no)
VALUES (529, 19, 51);
INSERT INTO public.chapters (chapter_id, book_id, chapter_no)
VALUES (530, 19, 52);
INSERT INTO public.chapters (chapter_id, book_id, chapter_no)
VALUES (531, 19, 53);
INSERT INTO public.chapters (chapter_id, book_id, chapter_no)
VALUES (532, 19, 54);
INSERT INTO public.chapters (chapter_id, book_id, chapter_no)
VALUES (533, 19, 55);
INSERT INTO public.chapters (chapter_id, book_id, chapter_no)
VALUES (534, 19, 56);
INSERT INTO public.chapters (chapter_id, book_id, chapter_no)
VALUES (535, 19, 57);
INSERT INTO public.chapters (chapter_id, book_id, chapter_no)
VALUES (536, 19, 58);
INSERT INTO public.chapters (chapter_id, book_id, chapter_no)
VALUES (537, 19, 59);
INSERT INTO public.chapters (chapter_id, book_id, chapter_no)
VALUES (538, 19, 60);
INSERT INTO public.chapters (chapter_id, book_id, chapter_no)
VALUES (539, 19, 61);
INSERT INTO public.chapters (chapter_id, book_id, chapter_no)
VALUES (540, 19, 62);
INSERT INTO public.chapters (chapter_id, book_id, chapter_no)
VALUES (541, 19, 63);
INSERT INTO public.chapters (chapter_id, book_id, chapter_no)
VALUES (542, 19, 64);
INSERT INTO public.chapters (chapter_id, book_id, chapter_no)
VALUES (543, 19, 65);
INSERT INTO public.chapters (chapter_id, book_id, chapter_no)
VALUES (544, 19, 66);
INSERT INTO public.chapters (chapter_id, book_id, chapter_no)
VALUES (545, 19, 67);
INSERT INTO public.chapters (chapter_id, book_id, chapter_no)
VALUES (546, 19, 68);
INSERT INTO public.chapters (chapter_id, book_id, chapter_no)
VALUES (547, 19, 69);
INSERT INTO public.chapters (chapter_id, book_id, chapter_no)
VALUES (548, 19, 70);
INSERT INTO public.chapters (chapter_id, book_id, chapter_no)
VALUES (549, 19, 71);
INSERT INTO public.chapters (chapter_id, book_id, chapter_no)
VALUES (550, 19, 72);
INSERT INTO public.chapters (chapter_id, book_id, chapter_no)
VALUES (551, 19, 73);
INSERT INTO public.chapters (chapter_id, book_id, chapter_no)
VALUES (552, 19, 74);
INSERT INTO public.chapters (chapter_id, book_id, chapter_no)
VALUES (553, 19, 75);
INSERT INTO public.chapters (chapter_id, book_id, chapter_no)
VALUES (554, 19, 76);
INSERT INTO public.chapters (chapter_id, book_id, chapter_no)
VALUES (555, 19, 77);
INSERT INTO public.chapters (chapter_id, book_id, chapter_no)
VALUES (556, 19, 78);
INSERT INTO public.chapters (chapter_id, book_id, chapter_no)
VALUES (557, 19, 79);
INSERT INTO public.chapters (chapter_id, book_id, chapter_no)
VALUES (558, 19, 80);
INSERT INTO public.chapters (chapter_id, book_id, chapter_no)
VALUES (559, 19, 81);
INSERT INTO public.chapters (chapter_id, book_id, chapter_no)
VALUES (560, 19, 82);
INSERT INTO public.chapters (chapter_id, book_id, chapter_no)
VALUES (561, 19, 83);
INSERT INTO public.chapters (chapter_id, book_id, chapter_no)
VALUES (562, 19, 84);
INSERT INTO public.chapters (chapter_id, book_id, chapter_no)
VALUES (563, 19, 85);
INSERT INTO public.chapters (chapter_id, book_id, chapter_no)
VALUES (564, 19, 86);
INSERT INTO public.chapters (chapter_id, book_id, chapter_no)
VALUES (565, 19, 87);
INSERT INTO public.chapters (chapter_id, book_id, chapter_no)
VALUES (566, 19, 88);
INSERT INTO public.chapters (chapter_id, book_id, chapter_no)
VALUES (567, 19, 89);
INSERT INTO public.chapters (chapter_id, book_id, chapter_no)
VALUES (568, 19, 90);
INSERT INTO public.chapters (chapter_id, book_id, chapter_no)
VALUES (569, 19, 91);
INSERT INTO public.chapters (chapter_id, book_id, chapter_no)
VALUES (570, 19, 92);
INSERT INTO public.chapters (chapter_id, book_id, chapter_no)
VALUES (571, 19, 93);
INSERT INTO public.chapters (chapter_id, book_id, chapter_no)
VALUES (572, 19, 94);
INSERT INTO public.chapters (chapter_id, book_id, chapter_no)
VALUES (573, 19, 95);
INSERT INTO public.chapters (chapter_id, book_id, chapter_no)
VALUES (574, 19, 96);
INSERT INTO public.chapters (chapter_id, book_id, chapter_no)
VALUES (575, 19, 97);
INSERT INTO public.chapters (chapter_id, book_id, chapter_no)
VALUES (576, 19, 98);
INSERT INTO public.chapters (chapter_id, book_id, chapter_no)
VALUES (577, 19, 99);
INSERT INTO public.chapters (chapter_id, book_id, chapter_no)
VALUES (578, 19, 100);
INSERT INTO public.chapters (chapter_id, book_id, chapter_no)
VALUES (579, 19, 101);
INSERT INTO public.chapters (chapter_id, book_id, chapter_no)
VALUES (580, 19, 102);
INSERT INTO public.chapters (chapter_id, book_id, chapter_no)
VALUES (581, 19, 103);
INSERT INTO public.chapters (chapter_id, book_id, chapter_no)
VALUES (582, 19, 104);
INSERT INTO public.chapters (chapter_id, book_id, chapter_no)
VALUES (583, 19, 105);
INSERT INTO public.chapters (chapter_id, book_id, chapter_no)
VALUES (584, 19, 106);
INSERT INTO public.chapters (chapter_id, book_id, chapter_no)
VALUES (585, 19, 107);
INSERT INTO public.chapters (chapter_id, book_id, chapter_no)
VALUES (586, 19, 108);
INSERT INTO public.chapters (chapter_id, book_id, chapter_no)
VALUES (587, 19, 109);
INSERT INTO public.chapters (chapter_id, book_id, chapter_no)
VALUES (588, 19, 110);
INSERT INTO public.chapters (chapter_id, book_id, chapter_no)
VALUES (589, 19, 111);
INSERT INTO public.chapters (chapter_id, book_id, chapter_no)
VALUES (590, 19, 112);
INSERT INTO public.chapters (chapter_id, book_id, chapter_no)
VALUES (591, 19, 113);
INSERT INTO public.chapters (chapter_id, book_id, chapter_no)
VALUES (592, 19, 114);
INSERT INTO public.chapters (chapter_id, book_id, chapter_no)
VALUES (593, 19, 115);
INSERT INTO public.chapters (chapter_id, book_id, chapter_no)
VALUES (594, 19, 116);
INSERT INTO public.chapters (chapter_id, book_id, chapter_no)
VALUES (595, 19, 117);
INSERT INTO public.chapters (chapter_id, book_id, chapter_no)
VALUES (596, 19, 118);
INSERT INTO public.chapters (chapter_id, book_id, chapter_no)
VALUES (597, 19, 119);
INSERT INTO public.chapters (chapter_id, book_id, chapter_no)
VALUES (598, 19, 120);
INSERT INTO public.chapters (chapter_id, book_id, chapter_no)
VALUES (599, 19, 121);
INSERT INTO public.chapters (chapter_id, book_id, chapter_no)
VALUES (600, 19, 122);
INSERT INTO public.chapters (chapter_id, book_id, chapter_no)
VALUES (601, 19, 123);
INSERT INTO public.chapters (chapter_id, book_id, chapter_no)
VALUES (602, 19, 124);
INSERT INTO public.chapters (chapter_id, book_id, chapter_no)
VALUES (603, 19, 125);
INSERT INTO public.chapters (chapter_id, book_id, chapter_no)
VALUES (604, 19, 126);
INSERT INTO public.chapters (chapter_id, book_id, chapter_no)
VALUES (605, 19, 127);
INSERT INTO public.chapters (chapter_id, book_id, chapter_no)
VALUES (606, 19, 128);
INSERT INTO public.chapters (chapter_id, book_id, chapter_no)
VALUES (607, 19, 129);
INSERT INTO public.chapters (chapter_id, book_id, chapter_no)
VALUES (608, 19, 130);
INSERT INTO public.chapters (chapter_id, book_id, chapter_no)
VALUES (609, 19, 131);
INSERT INTO public.chapters (chapter_id, book_id, chapter_no)
VALUES (610, 19, 132);
INSERT INTO public.chapters (chapter_id, book_id, chapter_no)
VALUES (611, 19, 133);
INSERT INTO public.chapters (chapter_id, book_id, chapter_no)
VALUES (612, 19, 134);
INSERT INTO public.chapters (chapter_id, book_id, chapter_no)
VALUES (613, 19, 135);
INSERT INTO public.chapters (chapter_id, book_id, chapter_no)
VALUES (614, 19, 136);
INSERT INTO public.chapters (chapter_id, book_id, chapter_no)
VALUES (615, 19, 137);
INSERT INTO public.chapters (chapter_id, book_id, chapter_no)
VALUES (616, 19, 138);
INSERT INTO public.chapters (chapter_id, book_id, chapter_no)
VALUES (617, 19, 139);
INSERT INTO public.chapters (chapter_id, book_id, chapter_no)
VALUES (618, 19, 140);
INSERT INTO public.chapters (chapter_id, book_id, chapter_no)
VALUES (619, 19, 141);
INSERT INTO public.chapters (chapter_id, book_id, chapter_no)
VALUES (620, 19, 142);
INSERT INTO public.chapters (chapter_id, book_id, chapter_no)
VALUES (621, 19, 143);
INSERT INTO public.chapters (chapter_id, book_id, chapter_no)
VALUES (622, 19, 144);
INSERT INTO public.chapters (chapter_id, book_id, chapter_no)
VALUES (623, 19, 145);
INSERT INTO public.chapters (chapter_id, book_id, chapter_no)
VALUES (624, 19, 146);
INSERT INTO public.chapters (chapter_id, book_id, chapter_no)
VALUES (625, 19, 147);
INSERT INTO public.chapters (chapter_id, book_id, chapter_no)
VALUES (626, 19, 148);
INSERT INTO public.chapters (chapter_id, book_id, chapter_no)
VALUES (627, 19, 149);
INSERT INTO public.chapters (chapter_id, book_id, chapter_no)
VALUES (628, 19, 150);
INSERT INTO public.chapters (chapter_id, book_id, chapter_no)
VALUES (629, 20, 1);
INSERT INTO public.chapters (chapter_id, book_id, chapter_no)
VALUES (630, 20, 2);
INSERT INTO public.chapters (chapter_id, book_id, chapter_no)
VALUES (631, 20, 3);
INSERT INTO public.chapters (chapter_id, book_id, chapter_no)
VALUES (632, 20, 4);
INSERT INTO public.chapters (chapter_id, book_id, chapter_no)
VALUES (633, 20, 5);
INSERT INTO public.chapters (chapter_id, book_id, chapter_no)
VALUES (634, 20, 6);
INSERT INTO public.chapters (chapter_id, book_id, chapter_no)
VALUES (635, 20, 7);
INSERT INTO public.chapters (chapter_id, book_id, chapter_no)
VALUES (636, 20, 8);
INSERT INTO public.chapters (chapter_id, book_id, chapter_no)
VALUES (637, 20, 9);
INSERT INTO public.chapters (chapter_id, book_id, chapter_no)
VALUES (638, 20, 10);
INSERT INTO public.chapters (chapter_id, book_id, chapter_no)
VALUES (639, 20, 11);
INSERT INTO public.chapters (chapter_id, book_id, chapter_no)
VALUES (640, 20, 12);
INSERT INTO public.chapters (chapter_id, book_id, chapter_no)
VALUES (641, 20, 13);
INSERT INTO public.chapters (chapter_id, book_id, chapter_no)
VALUES (642, 20, 14);
INSERT INTO public.chapters (chapter_id, book_id, chapter_no)
VALUES (643, 20, 15);
INSERT INTO public.chapters (chapter_id, book_id, chapter_no)
VALUES (644, 20, 16);
INSERT INTO public.chapters (chapter_id, book_id, chapter_no)
VALUES (645, 20, 17);
INSERT INTO public.chapters (chapter_id, book_id, chapter_no)
VALUES (646, 20, 18);
INSERT INTO public.chapters (chapter_id, book_id, chapter_no)
VALUES (647, 20, 19);
INSERT INTO public.chapters (chapter_id, book_id, chapter_no)
VALUES (648, 20, 20);
INSERT INTO public.chapters (chapter_id, book_id, chapter_no)
VALUES (649, 20, 21);
INSERT INTO public.chapters (chapter_id, book_id, chapter_no)
VALUES (650, 20, 22);
INSERT INTO public.chapters (chapter_id, book_id, chapter_no)
VALUES (651, 20, 23);
INSERT INTO public.chapters (chapter_id, book_id, chapter_no)
VALUES (652, 20, 24);
INSERT INTO public.chapters (chapter_id, book_id, chapter_no)
VALUES (653, 20, 25);
INSERT INTO public.chapters (chapter_id, book_id, chapter_no)
VALUES (654, 20, 26);
INSERT INTO public.chapters (chapter_id, book_id, chapter_no)
VALUES (655, 20, 27);
INSERT INTO public.chapters (chapter_id, book_id, chapter_no)
VALUES (656, 20, 28);
INSERT INTO public.chapters (chapter_id, book_id, chapter_no)
VALUES (657, 20, 29);
INSERT INTO public.chapters (chapter_id, book_id, chapter_no)
VALUES (658, 20, 30);
INSERT INTO public.chapters (chapter_id, book_id, chapter_no)
VALUES (659, 20, 31);
INSERT INTO public.chapters (chapter_id, book_id, chapter_no)
VALUES (660, 21, 1);
INSERT INTO public.chapters (chapter_id, book_id, chapter_no)
VALUES (661, 21, 2);
INSERT INTO public.chapters (chapter_id, book_id, chapter_no)
VALUES (662, 21, 3);
INSERT INTO public.chapters (chapter_id, book_id, chapter_no)
VALUES (663, 21, 4);
INSERT INTO public.chapters (chapter_id, book_id, chapter_no)
VALUES (664, 21, 5);
INSERT INTO public.chapters (chapter_id, book_id, chapter_no)
VALUES (665, 21, 6);
INSERT INTO public.chapters (chapter_id, book_id, chapter_no)
VALUES (666, 21, 7);
INSERT INTO public.chapters (chapter_id, book_id, chapter_no)
VALUES (667, 21, 8);
INSERT INTO public.chapters (chapter_id, book_id, chapter_no)
VALUES (668, 21, 9);
INSERT INTO public.chapters (chapter_id, book_id, chapter_no)
VALUES (669, 21, 10);
INSERT INTO public.chapters (chapter_id, book_id, chapter_no)
VALUES (670, 21, 11);
INSERT INTO public.chapters (chapter_id, book_id, chapter_no)
VALUES (671, 21, 12);
INSERT INTO public.chapters (chapter_id, book_id, chapter_no)
VALUES (672, 22, 1);
INSERT INTO public.chapters (chapter_id, book_id, chapter_no)
VALUES (673, 22, 2);
INSERT INTO public.chapters (chapter_id, book_id, chapter_no)
VALUES (674, 22, 3);
INSERT INTO public.chapters (chapter_id, book_id, chapter_no)
VALUES (675, 22, 4);
INSERT INTO public.chapters (chapter_id, book_id, chapter_no)
VALUES (676, 22, 5);
INSERT INTO public.chapters (chapter_id, book_id, chapter_no)
VALUES (677, 22, 6);
INSERT INTO public.chapters (chapter_id, book_id, chapter_no)
VALUES (678, 22, 7);
INSERT INTO public.chapters (chapter_id, book_id, chapter_no)
VALUES (679, 22, 8);
INSERT INTO public.chapters (chapter_id, book_id, chapter_no)
VALUES (680, 23, 1);
INSERT INTO public.chapters (chapter_id, book_id, chapter_no)
VALUES (681, 23, 2);
INSERT INTO public.chapters (chapter_id, book_id, chapter_no)
VALUES (682, 23, 3);
INSERT INTO public.chapters (chapter_id, book_id, chapter_no)
VALUES (683, 23, 4);
INSERT INTO public.chapters (chapter_id, book_id, chapter_no)
VALUES (684, 23, 5);
INSERT INTO public.chapters (chapter_id, book_id, chapter_no)
VALUES (685, 23, 6);
INSERT INTO public.chapters (chapter_id, book_id, chapter_no)
VALUES (686, 23, 7);
INSERT INTO public.chapters (chapter_id, book_id, chapter_no)
VALUES (687, 23, 8);
INSERT INTO public.chapters (chapter_id, book_id, chapter_no)
VALUES (688, 23, 9);
INSERT INTO public.chapters (chapter_id, book_id, chapter_no)
VALUES (689, 23, 10);
INSERT INTO public.chapters (chapter_id, book_id, chapter_no)
VALUES (690, 23, 11);
INSERT INTO public.chapters (chapter_id, book_id, chapter_no)
VALUES (691, 23, 12);
INSERT INTO public.chapters (chapter_id, book_id, chapter_no)
VALUES (692, 23, 13);
INSERT INTO public.chapters (chapter_id, book_id, chapter_no)
VALUES (693, 23, 14);
INSERT INTO public.chapters (chapter_id, book_id, chapter_no)
VALUES (694, 23, 15);
INSERT INTO public.chapters (chapter_id, book_id, chapter_no)
VALUES (695, 23, 16);
INSERT INTO public.chapters (chapter_id, book_id, chapter_no)
VALUES (696, 23, 17);
INSERT INTO public.chapters (chapter_id, book_id, chapter_no)
VALUES (697, 23, 18);
INSERT INTO public.chapters (chapter_id, book_id, chapter_no)
VALUES (698, 23, 19);
INSERT INTO public.chapters (chapter_id, book_id, chapter_no)
VALUES (699, 23, 20);
INSERT INTO public.chapters (chapter_id, book_id, chapter_no)
VALUES (700, 23, 21);
INSERT INTO public.chapters (chapter_id, book_id, chapter_no)
VALUES (701, 23, 22);
INSERT INTO public.chapters (chapter_id, book_id, chapter_no)
VALUES (702, 23, 23);
INSERT INTO public.chapters (chapter_id, book_id, chapter_no)
VALUES (703, 23, 24);
INSERT INTO public.chapters (chapter_id, book_id, chapter_no)
VALUES (704, 23, 25);
INSERT INTO public.chapters (chapter_id, book_id, chapter_no)
VALUES (705, 23, 26);
INSERT INTO public.chapters (chapter_id, book_id, chapter_no)
VALUES (706, 23, 27);
INSERT INTO public.chapters (chapter_id, book_id, chapter_no)
VALUES (707, 23, 28);
INSERT INTO public.chapters (chapter_id, book_id, chapter_no)
VALUES (708, 23, 29);
INSERT INTO public.chapters (chapter_id, book_id, chapter_no)
VALUES (709, 23, 30);
INSERT INTO public.chapters (chapter_id, book_id, chapter_no)
VALUES (710, 23, 31);
INSERT INTO public.chapters (chapter_id, book_id, chapter_no)
VALUES (711, 23, 32);
INSERT INTO public.chapters (chapter_id, book_id, chapter_no)
VALUES (712, 23, 33);
INSERT INTO public.chapters (chapter_id, book_id, chapter_no)
VALUES (713, 23, 34);
INSERT INTO public.chapters (chapter_id, book_id, chapter_no)
VALUES (714, 23, 35);
INSERT INTO public.chapters (chapter_id, book_id, chapter_no)
VALUES (715, 23, 36);
INSERT INTO public.chapters (chapter_id, book_id, chapter_no)
VALUES (716, 23, 37);
INSERT INTO public.chapters (chapter_id, book_id, chapter_no)
VALUES (717, 23, 38);
INSERT INTO public.chapters (chapter_id, book_id, chapter_no)
VALUES (718, 23, 39);
INSERT INTO public.chapters (chapter_id, book_id, chapter_no)
VALUES (719, 23, 40);
INSERT INTO public.chapters (chapter_id, book_id, chapter_no)
VALUES (720, 23, 41);
INSERT INTO public.chapters (chapter_id, book_id, chapter_no)
VALUES (721, 23, 42);
INSERT INTO public.chapters (chapter_id, book_id, chapter_no)
VALUES (722, 23, 43);
INSERT INTO public.chapters (chapter_id, book_id, chapter_no)
VALUES (723, 23, 44);
INSERT INTO public.chapters (chapter_id, book_id, chapter_no)
VALUES (724, 23, 45);
INSERT INTO public.chapters (chapter_id, book_id, chapter_no)
VALUES (725, 23, 46);
INSERT INTO public.chapters (chapter_id, book_id, chapter_no)
VALUES (726, 23, 47);
INSERT INTO public.chapters (chapter_id, book_id, chapter_no)
VALUES (727, 23, 48);
INSERT INTO public.chapters (chapter_id, book_id, chapter_no)
VALUES (728, 23, 49);
INSERT INTO public.chapters (chapter_id, book_id, chapter_no)
VALUES (729, 23, 50);
INSERT INTO public.chapters (chapter_id, book_id, chapter_no)
VALUES (730, 23, 51);
INSERT INTO public.chapters (chapter_id, book_id, chapter_no)
VALUES (731, 23, 52);
INSERT INTO public.chapters (chapter_id, book_id, chapter_no)
VALUES (732, 23, 53);
INSERT INTO public.chapters (chapter_id, book_id, chapter_no)
VALUES (733, 23, 54);
INSERT INTO public.chapters (chapter_id, book_id, chapter_no)
VALUES (734, 23, 55);
INSERT INTO public.chapters (chapter_id, book_id, chapter_no)
VALUES (735, 23, 56);
INSERT INTO public.chapters (chapter_id, book_id, chapter_no)
VALUES (736, 23, 57);
INSERT INTO public.chapters (chapter_id, book_id, chapter_no)
VALUES (737, 23, 58);
INSERT INTO public.chapters (chapter_id, book_id, chapter_no)
VALUES (738, 23, 59);
INSERT INTO public.chapters (chapter_id, book_id, chapter_no)
VALUES (739, 23, 60);
INSERT INTO public.chapters (chapter_id, book_id, chapter_no)
VALUES (740, 23, 61);
INSERT INTO public.chapters (chapter_id, book_id, chapter_no)
VALUES (741, 23, 62);
INSERT INTO public.chapters (chapter_id, book_id, chapter_no)
VALUES (742, 23, 63);
INSERT INTO public.chapters (chapter_id, book_id, chapter_no)
VALUES (743, 23, 64);
INSERT INTO public.chapters (chapter_id, book_id, chapter_no)
VALUES (744, 23, 65);
INSERT INTO public.chapters (chapter_id, book_id, chapter_no)
VALUES (745, 23, 66);
INSERT INTO public.chapters (chapter_id, book_id, chapter_no)
VALUES (746, 24, 1);
INSERT INTO public.chapters (chapter_id, book_id, chapter_no)
VALUES (747, 24, 2);
INSERT INTO public.chapters (chapter_id, book_id, chapter_no)
VALUES (748, 24, 3);
INSERT INTO public.chapters (chapter_id, book_id, chapter_no)
VALUES (749, 24, 4);
INSERT INTO public.chapters (chapter_id, book_id, chapter_no)
VALUES (750, 24, 5);
INSERT INTO public.chapters (chapter_id, book_id, chapter_no)
VALUES (751, 24, 6);
INSERT INTO public.chapters (chapter_id, book_id, chapter_no)
VALUES (752, 24, 7);
INSERT INTO public.chapters (chapter_id, book_id, chapter_no)
VALUES (753, 24, 8);
INSERT INTO public.chapters (chapter_id, book_id, chapter_no)
VALUES (754, 24, 9);
INSERT INTO public.chapters (chapter_id, book_id, chapter_no)
VALUES (755, 24, 10);
INSERT INTO public.chapters (chapter_id, book_id, chapter_no)
VALUES (756, 24, 11);
INSERT INTO public.chapters (chapter_id, book_id, chapter_no)
VALUES (757, 24, 12);
INSERT INTO public.chapters (chapter_id, book_id, chapter_no)
VALUES (758, 24, 13);
INSERT INTO public.chapters (chapter_id, book_id, chapter_no)
VALUES (759, 24, 14);
INSERT INTO public.chapters (chapter_id, book_id, chapter_no)
VALUES (760, 24, 15);
INSERT INTO public.chapters (chapter_id, book_id, chapter_no)
VALUES (761, 24, 16);
INSERT INTO public.chapters (chapter_id, book_id, chapter_no)
VALUES (762, 24, 17);
INSERT INTO public.chapters (chapter_id, book_id, chapter_no)
VALUES (763, 24, 18);
INSERT INTO public.chapters (chapter_id, book_id, chapter_no)
VALUES (764, 24, 19);
INSERT INTO public.chapters (chapter_id, book_id, chapter_no)
VALUES (765, 24, 20);
INSERT INTO public.chapters (chapter_id, book_id, chapter_no)
VALUES (766, 24, 21);
INSERT INTO public.chapters (chapter_id, book_id, chapter_no)
VALUES (767, 24, 22);
INSERT INTO public.chapters (chapter_id, book_id, chapter_no)
VALUES (768, 24, 23);
INSERT INTO public.chapters (chapter_id, book_id, chapter_no)
VALUES (769, 24, 24);
INSERT INTO public.chapters (chapter_id, book_id, chapter_no)
VALUES (770, 24, 25);
INSERT INTO public.chapters (chapter_id, book_id, chapter_no)
VALUES (771, 24, 26);
INSERT INTO public.chapters (chapter_id, book_id, chapter_no)
VALUES (772, 24, 27);
INSERT INTO public.chapters (chapter_id, book_id, chapter_no)
VALUES (773, 24, 28);
INSERT INTO public.chapters (chapter_id, book_id, chapter_no)
VALUES (774, 24, 29);
INSERT INTO public.chapters (chapter_id, book_id, chapter_no)
VALUES (775, 24, 30);
INSERT INTO public.chapters (chapter_id, book_id, chapter_no)
VALUES (776, 24, 31);
INSERT INTO public.chapters (chapter_id, book_id, chapter_no)
VALUES (777, 24, 32);
INSERT INTO public.chapters (chapter_id, book_id, chapter_no)
VALUES (778, 24, 33);
INSERT INTO public.chapters (chapter_id, book_id, chapter_no)
VALUES (779, 24, 34);
INSERT INTO public.chapters (chapter_id, book_id, chapter_no)
VALUES (780, 24, 35);
INSERT INTO public.chapters (chapter_id, book_id, chapter_no)
VALUES (781, 24, 36);
INSERT INTO public.chapters (chapter_id, book_id, chapter_no)
VALUES (782, 24, 37);
INSERT INTO public.chapters (chapter_id, book_id, chapter_no)
VALUES (783, 24, 38);
INSERT INTO public.chapters (chapter_id, book_id, chapter_no)
VALUES (784, 24, 39);
INSERT INTO public.chapters (chapter_id, book_id, chapter_no)
VALUES (785, 24, 40);
INSERT INTO public.chapters (chapter_id, book_id, chapter_no)
VALUES (786, 24, 41);
INSERT INTO public.chapters (chapter_id, book_id, chapter_no)
VALUES (787, 24, 42);
INSERT INTO public.chapters (chapter_id, book_id, chapter_no)
VALUES (788, 24, 43);
INSERT INTO public.chapters (chapter_id, book_id, chapter_no)
VALUES (789, 24, 44);
INSERT INTO public.chapters (chapter_id, book_id, chapter_no)
VALUES (790, 24, 45);
INSERT INTO public.chapters (chapter_id, book_id, chapter_no)
VALUES (791, 24, 46);
INSERT INTO public.chapters (chapter_id, book_id, chapter_no)
VALUES (792, 24, 47);
INSERT INTO public.chapters (chapter_id, book_id, chapter_no)
VALUES (793, 24, 48);
INSERT INTO public.chapters (chapter_id, book_id, chapter_no)
VALUES (794, 24, 49);
INSERT INTO public.chapters (chapter_id, book_id, chapter_no)
VALUES (795, 24, 50);
INSERT INTO public.chapters (chapter_id, book_id, chapter_no)
VALUES (796, 24, 51);
INSERT INTO public.chapters (chapter_id, book_id, chapter_no)
VALUES (797, 24, 52);
INSERT INTO public.chapters (chapter_id, book_id, chapter_no)
VALUES (798, 25, 1);
INSERT INTO public.chapters (chapter_id, book_id, chapter_no)
VALUES (799, 25, 2);
INSERT INTO public.chapters (chapter_id, book_id, chapter_no)
VALUES (800, 25, 3);
INSERT INTO public.chapters (chapter_id, book_id, chapter_no)
VALUES (801, 25, 4);
INSERT INTO public.chapters (chapter_id, book_id, chapter_no)
VALUES (802, 25, 5);
INSERT INTO public.chapters (chapter_id, book_id, chapter_no)
VALUES (803, 26, 1);
INSERT INTO public.chapters (chapter_id, book_id, chapter_no)
VALUES (804, 26, 2);
INSERT INTO public.chapters (chapter_id, book_id, chapter_no)
VALUES (805, 26, 3);
INSERT INTO public.chapters (chapter_id, book_id, chapter_no)
VALUES (806, 26, 4);
INSERT INTO public.chapters (chapter_id, book_id, chapter_no)
VALUES (807, 26, 5);
INSERT INTO public.chapters (chapter_id, book_id, chapter_no)
VALUES (808, 26, 6);
INSERT INTO public.chapters (chapter_id, book_id, chapter_no)
VALUES (809, 26, 7);
INSERT INTO public.chapters (chapter_id, book_id, chapter_no)
VALUES (810, 26, 8);
INSERT INTO public.chapters (chapter_id, book_id, chapter_no)
VALUES (811, 26, 9);
INSERT INTO public.chapters (chapter_id, book_id, chapter_no)
VALUES (812, 26, 10);
INSERT INTO public.chapters (chapter_id, book_id, chapter_no)
VALUES (813, 26, 11);
INSERT INTO public.chapters (chapter_id, book_id, chapter_no)
VALUES (814, 26, 12);
INSERT INTO public.chapters (chapter_id, book_id, chapter_no)
VALUES (815, 26, 13);
INSERT INTO public.chapters (chapter_id, book_id, chapter_no)
VALUES (816, 26, 14);
INSERT INTO public.chapters (chapter_id, book_id, chapter_no)
VALUES (817, 26, 15);
INSERT INTO public.chapters (chapter_id, book_id, chapter_no)
VALUES (818, 26, 16);
INSERT INTO public.chapters (chapter_id, book_id, chapter_no)
VALUES (819, 26, 17);
INSERT INTO public.chapters (chapter_id, book_id, chapter_no)
VALUES (820, 26, 18);
INSERT INTO public.chapters (chapter_id, book_id, chapter_no)
VALUES (821, 26, 19);
INSERT INTO public.chapters (chapter_id, book_id, chapter_no)
VALUES (822, 26, 20);
INSERT INTO public.chapters (chapter_id, book_id, chapter_no)
VALUES (823, 26, 21);
INSERT INTO public.chapters (chapter_id, book_id, chapter_no)
VALUES (824, 26, 22);
INSERT INTO public.chapters (chapter_id, book_id, chapter_no)
VALUES (825, 26, 23);
INSERT INTO public.chapters (chapter_id, book_id, chapter_no)
VALUES (826, 26, 24);
INSERT INTO public.chapters (chapter_id, book_id, chapter_no)
VALUES (827, 26, 25);
INSERT INTO public.chapters (chapter_id, book_id, chapter_no)
VALUES (828, 26, 26);
INSERT INTO public.chapters (chapter_id, book_id, chapter_no)
VALUES (829, 26, 27);
INSERT INTO public.chapters (chapter_id, book_id, chapter_no)
VALUES (830, 26, 28);
INSERT INTO public.chapters (chapter_id, book_id, chapter_no)
VALUES (831, 26, 29);
INSERT INTO public.chapters (chapter_id, book_id, chapter_no)
VALUES (832, 26, 30);
INSERT INTO public.chapters (chapter_id, book_id, chapter_no)
VALUES (833, 26, 31);
INSERT INTO public.chapters (chapter_id, book_id, chapter_no)
VALUES (834, 26, 32);
INSERT INTO public.chapters (chapter_id, book_id, chapter_no)
VALUES (835, 26, 33);
INSERT INTO public.chapters (chapter_id, book_id, chapter_no)
VALUES (836, 26, 34);
INSERT INTO public.chapters (chapter_id, book_id, chapter_no)
VALUES (837, 26, 35);
INSERT INTO public.chapters (chapter_id, book_id, chapter_no)
VALUES (838, 26, 36);
INSERT INTO public.chapters (chapter_id, book_id, chapter_no)
VALUES (839, 26, 37);
INSERT INTO public.chapters (chapter_id, book_id, chapter_no)
VALUES (840, 26, 38);
INSERT INTO public.chapters (chapter_id, book_id, chapter_no)
VALUES (841, 26, 39);
INSERT INTO public.chapters (chapter_id, book_id, chapter_no)
VALUES (842, 26, 40);
INSERT INTO public.chapters (chapter_id, book_id, chapter_no)
VALUES (843, 26, 41);
INSERT INTO public.chapters (chapter_id, book_id, chapter_no)
VALUES (844, 26, 42);
INSERT INTO public.chapters (chapter_id, book_id, chapter_no)
VALUES (845, 26, 43);
INSERT INTO public.chapters (chapter_id, book_id, chapter_no)
VALUES (846, 26, 44);
INSERT INTO public.chapters (chapter_id, book_id, chapter_no)
VALUES (847, 26, 45);
INSERT INTO public.chapters (chapter_id, book_id, chapter_no)
VALUES (848, 26, 46);
INSERT INTO public.chapters (chapter_id, book_id, chapter_no)
VALUES (849, 26, 47);
INSERT INTO public.chapters (chapter_id, book_id, chapter_no)
VALUES (850, 26, 48);
INSERT INTO public.chapters (chapter_id, book_id, chapter_no)
VALUES (851, 27, 1);
INSERT INTO public.chapters (chapter_id, book_id, chapter_no)
VALUES (852, 27, 2);
INSERT INTO public.chapters (chapter_id, book_id, chapter_no)
VALUES (853, 27, 3);
INSERT INTO public.chapters (chapter_id, book_id, chapter_no)
VALUES (854, 27, 4);
INSERT INTO public.chapters (chapter_id, book_id, chapter_no)
VALUES (855, 27, 5);
INSERT INTO public.chapters (chapter_id, book_id, chapter_no)
VALUES (856, 27, 6);
INSERT INTO public.chapters (chapter_id, book_id, chapter_no)
VALUES (857, 27, 7);
INSERT INTO public.chapters (chapter_id, book_id, chapter_no)
VALUES (858, 27, 8);
INSERT INTO public.chapters (chapter_id, book_id, chapter_no)
VALUES (859, 27, 9);
INSERT INTO public.chapters (chapter_id, book_id, chapter_no)
VALUES (860, 27, 10);
INSERT INTO public.chapters (chapter_id, book_id, chapter_no)
VALUES (861, 27, 11);
INSERT INTO public.chapters (chapter_id, book_id, chapter_no)
VALUES (862, 27, 12);
INSERT INTO public.chapters (chapter_id, book_id, chapter_no)
VALUES (863, 28, 1);
INSERT INTO public.chapters (chapter_id, book_id, chapter_no)
VALUES (864, 28, 2);
INSERT INTO public.chapters (chapter_id, book_id, chapter_no)
VALUES (865, 28, 3);
INSERT INTO public.chapters (chapter_id, book_id, chapter_no)
VALUES (866, 28, 4);
INSERT INTO public.chapters (chapter_id, book_id, chapter_no)
VALUES (867, 28, 5);
INSERT INTO public.chapters (chapter_id, book_id, chapter_no)
VALUES (868, 28, 6);
INSERT INTO public.chapters (chapter_id, book_id, chapter_no)
VALUES (869, 28, 7);
INSERT INTO public.chapters (chapter_id, book_id, chapter_no)
VALUES (870, 28, 8);
INSERT INTO public.chapters (chapter_id, book_id, chapter_no)
VALUES (871, 28, 9);
INSERT INTO public.chapters (chapter_id, book_id, chapter_no)
VALUES (872, 28, 10);
INSERT INTO public.chapters (chapter_id, book_id, chapter_no)
VALUES (873, 28, 11);
INSERT INTO public.chapters (chapter_id, book_id, chapter_no)
VALUES (874, 28, 12);
INSERT INTO public.chapters (chapter_id, book_id, chapter_no)
VALUES (875, 28, 13);
INSERT INTO public.chapters (chapter_id, book_id, chapter_no)
VALUES (876, 28, 14);
INSERT INTO public.chapters (chapter_id, book_id, chapter_no)
VALUES (877, 29, 1);
INSERT INTO public.chapters (chapter_id, book_id, chapter_no)
VALUES (878, 29, 2);
INSERT INTO public.chapters (chapter_id, book_id, chapter_no)
VALUES (879, 29, 3);
INSERT INTO public.chapters (chapter_id, book_id, chapter_no)
VALUES (880, 30, 1);
INSERT INTO public.chapters (chapter_id, book_id, chapter_no)
VALUES (881, 30, 2);
INSERT INTO public.chapters (chapter_id, book_id, chapter_no)
VALUES (882, 30, 3);
INSERT INTO public.chapters (chapter_id, book_id, chapter_no)
VALUES (883, 30, 4);
INSERT INTO public.chapters (chapter_id, book_id, chapter_no)
VALUES (884, 30, 5);
INSERT INTO public.chapters (chapter_id, book_id, chapter_no)
VALUES (885, 30, 6);
INSERT INTO public.chapters (chapter_id, book_id, chapter_no)
VALUES (886, 30, 7);
INSERT INTO public.chapters (chapter_id, book_id, chapter_no)
VALUES (887, 30, 8);
INSERT INTO public.chapters (chapter_id, book_id, chapter_no)
VALUES (888, 30, 9);
INSERT INTO public.chapters (chapter_id, book_id, chapter_no)
VALUES (889, 31, 1);
INSERT INTO public.chapters (chapter_id, book_id, chapter_no)
VALUES (890, 32, 1);
INSERT INTO public.chapters (chapter_id, book_id, chapter_no)
VALUES (891, 32, 2);
INSERT INTO public.chapters (chapter_id, book_id, chapter_no)
VALUES (892, 32, 3);
INSERT INTO public.chapters (chapter_id, book_id, chapter_no)
VALUES (893, 32, 4);
INSERT INTO public.chapters (chapter_id, book_id, chapter_no)
VALUES (894, 33, 1);
INSERT INTO public.chapters (chapter_id, book_id, chapter_no)
VALUES (895, 33, 2);
INSERT INTO public.chapters (chapter_id, book_id, chapter_no)
VALUES (896, 33, 3);
INSERT INTO public.chapters (chapter_id, book_id, chapter_no)
VALUES (897, 33, 4);
INSERT INTO public.chapters (chapter_id, book_id, chapter_no)
VALUES (898, 33, 5);
INSERT INTO public.chapters (chapter_id, book_id, chapter_no)
VALUES (899, 33, 6);
INSERT INTO public.chapters (chapter_id, book_id, chapter_no)
VALUES (900, 33, 7);
INSERT INTO public.chapters (chapter_id, book_id, chapter_no)
VALUES (901, 34, 1);
INSERT INTO public.chapters (chapter_id, book_id, chapter_no)
VALUES (902, 34, 2);
INSERT INTO public.chapters (chapter_id, book_id, chapter_no)
VALUES (903, 34, 3);
INSERT INTO public.chapters (chapter_id, book_id, chapter_no)
VALUES (904, 35, 1);
INSERT INTO public.chapters (chapter_id, book_id, chapter_no)
VALUES (905, 35, 2);
INSERT INTO public.chapters (chapter_id, book_id, chapter_no)
VALUES (906, 35, 3);
INSERT INTO public.chapters (chapter_id, book_id, chapter_no)
VALUES (907, 36, 1);
INSERT INTO public.chapters (chapter_id, book_id, chapter_no)
VALUES (908, 36, 2);
INSERT INTO public.chapters (chapter_id, book_id, chapter_no)
VALUES (909, 36, 3);
INSERT INTO public.chapters (chapter_id, book_id, chapter_no)
VALUES (910, 37, 1);
INSERT INTO public.chapters (chapter_id, book_id, chapter_no)
VALUES (911, 37, 2);
INSERT INTO public.chapters (chapter_id, book_id, chapter_no)
VALUES (912, 38, 1);
INSERT INTO public.chapters (chapter_id, book_id, chapter_no)
VALUES (913, 38, 2);
INSERT INTO public.chapters (chapter_id, book_id, chapter_no)
VALUES (914, 38, 3);
INSERT INTO public.chapters (chapter_id, book_id, chapter_no)
VALUES (915, 38, 4);
INSERT INTO public.chapters (chapter_id, book_id, chapter_no)
VALUES (916, 38, 5);
INSERT INTO public.chapters (chapter_id, book_id, chapter_no)
VALUES (917, 38, 6);
INSERT INTO public.chapters (chapter_id, book_id, chapter_no)
VALUES (918, 38, 7);
INSERT INTO public.chapters (chapter_id, book_id, chapter_no)
VALUES (919, 38, 8);
INSERT INTO public.chapters (chapter_id, book_id, chapter_no)
VALUES (920, 38, 9);
INSERT INTO public.chapters (chapter_id, book_id, chapter_no)
VALUES (921, 38, 10);
INSERT INTO public.chapters (chapter_id, book_id, chapter_no)
VALUES (922, 38, 11);
INSERT INTO public.chapters (chapter_id, book_id, chapter_no)
VALUES (923, 38, 12);
INSERT INTO public.chapters (chapter_id, book_id, chapter_no)
VALUES (924, 38, 13);
INSERT INTO public.chapters (chapter_id, book_id, chapter_no)
VALUES (925, 38, 14);
INSERT INTO public.chapters (chapter_id, book_id, chapter_no)
VALUES (926, 39, 1);
INSERT INTO public.chapters (chapter_id, book_id, chapter_no)
VALUES (927, 39, 2);
INSERT INTO public.chapters (chapter_id, book_id, chapter_no)
VALUES (928, 39, 3);
INSERT INTO public.chapters (chapter_id, book_id, chapter_no)
VALUES (929, 39, 4);
INSERT INTO public.chapters (chapter_id, book_id, chapter_no)
VALUES (930, 40, 1);
INSERT INTO public.chapters (chapter_id, book_id, chapter_no)
VALUES (931, 40, 2);
INSERT INTO public.chapters (chapter_id, book_id, chapter_no)
VALUES (932, 40, 3);
INSERT INTO public.chapters (chapter_id, book_id, chapter_no)
VALUES (933, 40, 4);
INSERT INTO public.chapters (chapter_id, book_id, chapter_no)
VALUES (934, 40, 5);
INSERT INTO public.chapters (chapter_id, book_id, chapter_no)
VALUES (935, 40, 6);
INSERT INTO public.chapters (chapter_id, book_id, chapter_no)
VALUES (936, 40, 7);
INSERT INTO public.chapters (chapter_id, book_id, chapter_no)
VALUES (937, 40, 8);
INSERT INTO public.chapters (chapter_id, book_id, chapter_no)
VALUES (938, 40, 9);
INSERT INTO public.chapters (chapter_id, book_id, chapter_no)
VALUES (939, 40, 10);
INSERT INTO public.chapters (chapter_id, book_id, chapter_no)
VALUES (940, 40, 11);
INSERT INTO public.chapters (chapter_id, book_id, chapter_no)
VALUES (941, 40, 12);
INSERT INTO public.chapters (chapter_id, book_id, chapter_no)
VALUES (942, 40, 13);
INSERT INTO public.chapters (chapter_id, book_id, chapter_no)
VALUES (943, 40, 14);
INSERT INTO public.chapters (chapter_id, book_id, chapter_no)
VALUES (944, 40, 15);
INSERT INTO public.chapters (chapter_id, book_id, chapter_no)
VALUES (945, 40, 16);
INSERT INTO public.chapters (chapter_id, book_id, chapter_no)
VALUES (946, 40, 17);
INSERT INTO public.chapters (chapter_id, book_id, chapter_no)
VALUES (947, 40, 18);
INSERT INTO public.chapters (chapter_id, book_id, chapter_no)
VALUES (948, 40, 19);
INSERT INTO public.chapters (chapter_id, book_id, chapter_no)
VALUES (949, 40, 20);
INSERT INTO public.chapters (chapter_id, book_id, chapter_no)
VALUES (950, 40, 21);
INSERT INTO public.chapters (chapter_id, book_id, chapter_no)
VALUES (951, 40, 22);
INSERT INTO public.chapters (chapter_id, book_id, chapter_no)
VALUES (952, 40, 23);
INSERT INTO public.chapters (chapter_id, book_id, chapter_no)
VALUES (953, 40, 24);
INSERT INTO public.chapters (chapter_id, book_id, chapter_no)
VALUES (954, 40, 25);
INSERT INTO public.chapters (chapter_id, book_id, chapter_no)
VALUES (955, 40, 26);
INSERT INTO public.chapters (chapter_id, book_id, chapter_no)
VALUES (956, 40, 27);
INSERT INTO public.chapters (chapter_id, book_id, chapter_no)
VALUES (957, 40, 28);
INSERT INTO public.chapters (chapter_id, book_id, chapter_no)
VALUES (958, 41, 1);
INSERT INTO public.chapters (chapter_id, book_id, chapter_no)
VALUES (959, 41, 2);
INSERT INTO public.chapters (chapter_id, book_id, chapter_no)
VALUES (960, 41, 3);
INSERT INTO public.chapters (chapter_id, book_id, chapter_no)
VALUES (961, 41, 4);
INSERT INTO public.chapters (chapter_id, book_id, chapter_no)
VALUES (962, 41, 5);
INSERT INTO public.chapters (chapter_id, book_id, chapter_no)
VALUES (963, 41, 6);
INSERT INTO public.chapters (chapter_id, book_id, chapter_no)
VALUES (964, 41, 7);
INSERT INTO public.chapters (chapter_id, book_id, chapter_no)
VALUES (965, 41, 8);
INSERT INTO public.chapters (chapter_id, book_id, chapter_no)
VALUES (966, 41, 9);
INSERT INTO public.chapters (chapter_id, book_id, chapter_no)
VALUES (967, 41, 10);
INSERT INTO public.chapters (chapter_id, book_id, chapter_no)
VALUES (968, 41, 11);
INSERT INTO public.chapters (chapter_id, book_id, chapter_no)
VALUES (969, 41, 12);
INSERT INTO public.chapters (chapter_id, book_id, chapter_no)
VALUES (970, 41, 13);
INSERT INTO public.chapters (chapter_id, book_id, chapter_no)
VALUES (971, 41, 14);
INSERT INTO public.chapters (chapter_id, book_id, chapter_no)
VALUES (972, 41, 15);
INSERT INTO public.chapters (chapter_id, book_id, chapter_no)
VALUES (973, 41, 16);
INSERT INTO public.chapters (chapter_id, book_id, chapter_no)
VALUES (974, 42, 1);
INSERT INTO public.chapters (chapter_id, book_id, chapter_no)
VALUES (975, 42, 2);
INSERT INTO public.chapters (chapter_id, book_id, chapter_no)
VALUES (976, 42, 3);
INSERT INTO public.chapters (chapter_id, book_id, chapter_no)
VALUES (977, 42, 4);
INSERT INTO public.chapters (chapter_id, book_id, chapter_no)
VALUES (978, 42, 5);
INSERT INTO public.chapters (chapter_id, book_id, chapter_no)
VALUES (979, 42, 6);
INSERT INTO public.chapters (chapter_id, book_id, chapter_no)
VALUES (980, 42, 7);
INSERT INTO public.chapters (chapter_id, book_id, chapter_no)
VALUES (981, 42, 8);
INSERT INTO public.chapters (chapter_id, book_id, chapter_no)
VALUES (982, 42, 9);
INSERT INTO public.chapters (chapter_id, book_id, chapter_no)
VALUES (983, 42, 10);
INSERT INTO public.chapters (chapter_id, book_id, chapter_no)
VALUES (984, 42, 11);
INSERT INTO public.chapters (chapter_id, book_id, chapter_no)
VALUES (985, 42, 12);
INSERT INTO public.chapters (chapter_id, book_id, chapter_no)
VALUES (986, 42, 13);
INSERT INTO public.chapters (chapter_id, book_id, chapter_no)
VALUES (987, 42, 14);
INSERT INTO public.chapters (chapter_id, book_id, chapter_no)
VALUES (988, 42, 15);
INSERT INTO public.chapters (chapter_id, book_id, chapter_no)
VALUES (989, 42, 16);
INSERT INTO public.chapters (chapter_id, book_id, chapter_no)
VALUES (990, 42, 17);
INSERT INTO public.chapters (chapter_id, book_id, chapter_no)
VALUES (991, 42, 18);
INSERT INTO public.chapters (chapter_id, book_id, chapter_no)
VALUES (992, 42, 19);
INSERT INTO public.chapters (chapter_id, book_id, chapter_no)
VALUES (993, 42, 20);
INSERT INTO public.chapters (chapter_id, book_id, chapter_no)
VALUES (994, 42, 21);
INSERT INTO public.chapters (chapter_id, book_id, chapter_no)
VALUES (995, 42, 22);
INSERT INTO public.chapters (chapter_id, book_id, chapter_no)
VALUES (996, 42, 23);
INSERT INTO public.chapters (chapter_id, book_id, chapter_no)
VALUES (997, 42, 24);
INSERT INTO public.chapters (chapter_id, book_id, chapter_no)
VALUES (998, 43, 1);
INSERT INTO public.chapters (chapter_id, book_id, chapter_no)
VALUES (999, 43, 2);
INSERT INTO public.chapters (chapter_id, book_id, chapter_no)
VALUES (1000, 43, 3);
INSERT INTO public.chapters (chapter_id, book_id, chapter_no)
VALUES (1001, 43, 4);
INSERT INTO public.chapters (chapter_id, book_id, chapter_no)
VALUES (1002, 43, 5);
INSERT INTO public.chapters (chapter_id, book_id, chapter_no)
VALUES (1003, 43, 6);
INSERT INTO public.chapters (chapter_id, book_id, chapter_no)
VALUES (1004, 43, 7);
INSERT INTO public.chapters (chapter_id, book_id, chapter_no)
VALUES (1005, 43, 8);
INSERT INTO public.chapters (chapter_id, book_id, chapter_no)
VALUES (1006, 43, 9);
INSERT INTO public.chapters (chapter_id, book_id, chapter_no)
VALUES (1007, 43, 10);
INSERT INTO public.chapters (chapter_id, book_id, chapter_no)
VALUES (1008, 43, 11);
INSERT INTO public.chapters (chapter_id, book_id, chapter_no)
VALUES (1009, 43, 12);
INSERT INTO public.chapters (chapter_id, book_id, chapter_no)
VALUES (1010, 43, 13);
INSERT INTO public.chapters (chapter_id, book_id, chapter_no)
VALUES (1011, 43, 14);
INSERT INTO public.chapters (chapter_id, book_id, chapter_no)
VALUES (1012, 43, 15);
INSERT INTO public.chapters (chapter_id, book_id, chapter_no)
VALUES (1013, 43, 16);
INSERT INTO public.chapters (chapter_id, book_id, chapter_no)
VALUES (1014, 43, 17);
INSERT INTO public.chapters (chapter_id, book_id, chapter_no)
VALUES (1015, 43, 18);
INSERT INTO public.chapters (chapter_id, book_id, chapter_no)
VALUES (1016, 43, 19);
INSERT INTO public.chapters (chapter_id, book_id, chapter_no)
VALUES (1017, 43, 20);
INSERT INTO public.chapters (chapter_id, book_id, chapter_no)
VALUES (1018, 43, 21);
INSERT INTO public.chapters (chapter_id, book_id, chapter_no)
VALUES (1019, 44, 1);
INSERT INTO public.chapters (chapter_id, book_id, chapter_no)
VALUES (1020, 44, 2);
INSERT INTO public.chapters (chapter_id, book_id, chapter_no)
VALUES (1021, 44, 3);
INSERT INTO public.chapters (chapter_id, book_id, chapter_no)
VALUES (1022, 44, 4);
INSERT INTO public.chapters (chapter_id, book_id, chapter_no)
VALUES (1023, 44, 5);
INSERT INTO public.chapters (chapter_id, book_id, chapter_no)
VALUES (1024, 44, 6);
INSERT INTO public.chapters (chapter_id, book_id, chapter_no)
VALUES (1025, 44, 7);
INSERT INTO public.chapters (chapter_id, book_id, chapter_no)
VALUES (1026, 44, 8);
INSERT INTO public.chapters (chapter_id, book_id, chapter_no)
VALUES (1027, 44, 9);
INSERT INTO public.chapters (chapter_id, book_id, chapter_no)
VALUES (1028, 44, 10);
INSERT INTO public.chapters (chapter_id, book_id, chapter_no)
VALUES (1029, 44, 11);
INSERT INTO public.chapters (chapter_id, book_id, chapter_no)
VALUES (1030, 44, 12);
INSERT INTO public.chapters (chapter_id, book_id, chapter_no)
VALUES (1031, 44, 13);
INSERT INTO public.chapters (chapter_id, book_id, chapter_no)
VALUES (1032, 44, 14);
INSERT INTO public.chapters (chapter_id, book_id, chapter_no)
VALUES (1033, 44, 15);
INSERT INTO public.chapters (chapter_id, book_id, chapter_no)
VALUES (1034, 44, 16);
INSERT INTO public.chapters (chapter_id, book_id, chapter_no)
VALUES (1035, 44, 17);
INSERT INTO public.chapters (chapter_id, book_id, chapter_no)
VALUES (1036, 44, 18);
INSERT INTO public.chapters (chapter_id, book_id, chapter_no)
VALUES (1037, 44, 19);
INSERT INTO public.chapters (chapter_id, book_id, chapter_no)
VALUES (1038, 44, 20);
INSERT INTO public.chapters (chapter_id, book_id, chapter_no)
VALUES (1039, 44, 21);
INSERT INTO public.chapters (chapter_id, book_id, chapter_no)
VALUES (1040, 44, 22);
INSERT INTO public.chapters (chapter_id, book_id, chapter_no)
VALUES (1041, 44, 23);
INSERT INTO public.chapters (chapter_id, book_id, chapter_no)
VALUES (1042, 44, 24);
INSERT INTO public.chapters (chapter_id, book_id, chapter_no)
VALUES (1043, 44, 25);
INSERT INTO public.chapters (chapter_id, book_id, chapter_no)
VALUES (1044, 44, 26);
INSERT INTO public.chapters (chapter_id, book_id, chapter_no)
VALUES (1045, 44, 27);
INSERT INTO public.chapters (chapter_id, book_id, chapter_no)
VALUES (1046, 44, 28);
INSERT INTO public.chapters (chapter_id, book_id, chapter_no)
VALUES (1047, 45, 1);
INSERT INTO public.chapters (chapter_id, book_id, chapter_no)
VALUES (1048, 45, 2);
INSERT INTO public.chapters (chapter_id, book_id, chapter_no)
VALUES (1049, 45, 3);
INSERT INTO public.chapters (chapter_id, book_id, chapter_no)
VALUES (1050, 45, 4);
INSERT INTO public.chapters (chapter_id, book_id, chapter_no)
VALUES (1051, 45, 5);
INSERT INTO public.chapters (chapter_id, book_id, chapter_no)
VALUES (1052, 45, 6);
INSERT INTO public.chapters (chapter_id, book_id, chapter_no)
VALUES (1053, 45, 7);
INSERT INTO public.chapters (chapter_id, book_id, chapter_no)
VALUES (1054, 45, 8);
INSERT INTO public.chapters (chapter_id, book_id, chapter_no)
VALUES (1055, 45, 9);
INSERT INTO public.chapters (chapter_id, book_id, chapter_no)
VALUES (1056, 45, 10);
INSERT INTO public.chapters (chapter_id, book_id, chapter_no)
VALUES (1057, 45, 11);
INSERT INTO public.chapters (chapter_id, book_id, chapter_no)
VALUES (1058, 45, 12);
INSERT INTO public.chapters (chapter_id, book_id, chapter_no)
VALUES (1059, 45, 13);
INSERT INTO public.chapters (chapter_id, book_id, chapter_no)
VALUES (1060, 45, 14);
INSERT INTO public.chapters (chapter_id, book_id, chapter_no)
VALUES (1061, 45, 15);
INSERT INTO public.chapters (chapter_id, book_id, chapter_no)
VALUES (1062, 45, 16);
INSERT INTO public.chapters (chapter_id, book_id, chapter_no)
VALUES (1063, 46, 1);
INSERT INTO public.chapters (chapter_id, book_id, chapter_no)
VALUES (1064, 46, 2);
INSERT INTO public.chapters (chapter_id, book_id, chapter_no)
VALUES (1065, 46, 3);
INSERT INTO public.chapters (chapter_id, book_id, chapter_no)
VALUES (1066, 46, 4);
INSERT INTO public.chapters (chapter_id, book_id, chapter_no)
VALUES (1067, 46, 5);
INSERT INTO public.chapters (chapter_id, book_id, chapter_no)
VALUES (1068, 46, 6);
INSERT INTO public.chapters (chapter_id, book_id, chapter_no)
VALUES (1069, 46, 7);
INSERT INTO public.chapters (chapter_id, book_id, chapter_no)
VALUES (1070, 46, 8);
INSERT INTO public.chapters (chapter_id, book_id, chapter_no)
VALUES (1071, 46, 9);
INSERT INTO public.chapters (chapter_id, book_id, chapter_no)
VALUES (1072, 46, 10);
INSERT INTO public.chapters (chapter_id, book_id, chapter_no)
VALUES (1073, 46, 11);
INSERT INTO public.chapters (chapter_id, book_id, chapter_no)
VALUES (1074, 46, 12);
INSERT INTO public.chapters (chapter_id, book_id, chapter_no)
VALUES (1075, 46, 13);
INSERT INTO public.chapters (chapter_id, book_id, chapter_no)
VALUES (1076, 46, 14);
INSERT INTO public.chapters (chapter_id, book_id, chapter_no)
VALUES (1077, 46, 15);
INSERT INTO public.chapters (chapter_id, book_id, chapter_no)
VALUES (1078, 46, 16);
INSERT INTO public.chapters (chapter_id, book_id, chapter_no)
VALUES (1079, 47, 1);
INSERT INTO public.chapters (chapter_id, book_id, chapter_no)
VALUES (1080, 47, 2);
INSERT INTO public.chapters (chapter_id, book_id, chapter_no)
VALUES (1081, 47, 3);
INSERT INTO public.chapters (chapter_id, book_id, chapter_no)
VALUES (1082, 47, 4);
INSERT INTO public.chapters (chapter_id, book_id, chapter_no)
VALUES (1083, 47, 5);
INSERT INTO public.chapters (chapter_id, book_id, chapter_no)
VALUES (1084, 47, 6);
INSERT INTO public.chapters (chapter_id, book_id, chapter_no)
VALUES (1085, 47, 7);
INSERT INTO public.chapters (chapter_id, book_id, chapter_no)
VALUES (1086, 47, 8);
INSERT INTO public.chapters (chapter_id, book_id, chapter_no)
VALUES (1087, 47, 9);
INSERT INTO public.chapters (chapter_id, book_id, chapter_no)
VALUES (1088, 47, 10);
INSERT INTO public.chapters (chapter_id, book_id, chapter_no)
VALUES (1089, 47, 11);
INSERT INTO public.chapters (chapter_id, book_id, chapter_no)
VALUES (1090, 47, 12);
INSERT INTO public.chapters (chapter_id, book_id, chapter_no)
VALUES (1091, 47, 13);
INSERT INTO public.chapters (chapter_id, book_id, chapter_no)
VALUES (1092, 48, 1);
INSERT INTO public.chapters (chapter_id, book_id, chapter_no)
VALUES (1093, 48, 2);
INSERT INTO public.chapters (chapter_id, book_id, chapter_no)
VALUES (1094, 48, 3);
INSERT INTO public.chapters (chapter_id, book_id, chapter_no)
VALUES (1095, 48, 4);
INSERT INTO public.chapters (chapter_id, book_id, chapter_no)
VALUES (1096, 48, 5);
INSERT INTO public.chapters (chapter_id, book_id, chapter_no)
VALUES (1097, 48, 6);
INSERT INTO public.chapters (chapter_id, book_id, chapter_no)
VALUES (1098, 49, 1);
INSERT INTO public.chapters (chapter_id, book_id, chapter_no)
VALUES (1099, 49, 2);
INSERT INTO public.chapters (chapter_id, book_id, chapter_no)
VALUES (1100, 49, 3);
INSERT INTO public.chapters (chapter_id, book_id, chapter_no)
VALUES (1101, 49, 4);
INSERT INTO public.chapters (chapter_id, book_id, chapter_no)
VALUES (1102, 49, 5);
INSERT INTO public.chapters (chapter_id, book_id, chapter_no)
VALUES (1103, 49, 6);
INSERT INTO public.chapters (chapter_id, book_id, chapter_no)
VALUES (1104, 50, 1);
INSERT INTO public.chapters (chapter_id, book_id, chapter_no)
VALUES (1105, 50, 2);
INSERT INTO public.chapters (chapter_id, book_id, chapter_no)
VALUES (1106, 50, 3);
INSERT INTO public.chapters (chapter_id, book_id, chapter_no)
VALUES (1107, 50, 4);
INSERT INTO public.chapters (chapter_id, book_id, chapter_no)
VALUES (1108, 51, 1);
INSERT INTO public.chapters (chapter_id, book_id, chapter_no)
VALUES (1109, 51, 2);
INSERT INTO public.chapters (chapter_id, book_id, chapter_no)
VALUES (1110, 51, 3);
INSERT INTO public.chapters (chapter_id, book_id, chapter_no)
VALUES (1111, 51, 4);
INSERT INTO public.chapters (chapter_id, book_id, chapter_no)
VALUES (1112, 52, 1);
INSERT INTO public.chapters (chapter_id, book_id, chapter_no)
VALUES (1113, 52, 2);
INSERT INTO public.chapters (chapter_id, book_id, chapter_no)
VALUES (1114, 52, 3);
INSERT INTO public.chapters (chapter_id, book_id, chapter_no)
VALUES (1115, 52, 4);
INSERT INTO public.chapters (chapter_id, book_id, chapter_no)
VALUES (1116, 52, 5);
INSERT INTO public.chapters (chapter_id, book_id, chapter_no)
VALUES (1117, 53, 1);
INSERT INTO public.chapters (chapter_id, book_id, chapter_no)
VALUES (1118, 53, 2);
INSERT INTO public.chapters (chapter_id, book_id, chapter_no)
VALUES (1119, 53, 3);
INSERT INTO public.chapters (chapter_id, book_id, chapter_no)
VALUES (1120, 54, 1);
INSERT INTO public.chapters (chapter_id, book_id, chapter_no)
VALUES (1121, 54, 2);
INSERT INTO public.chapters (chapter_id, book_id, chapter_no)
VALUES (1122, 54, 3);
INSERT INTO public.chapters (chapter_id, book_id, chapter_no)
VALUES (1123, 54, 4);
INSERT INTO public.chapters (chapter_id, book_id, chapter_no)
VALUES (1124, 54, 5);
INSERT INTO public.chapters (chapter_id, book_id, chapter_no)
VALUES (1125, 54, 6);
INSERT INTO public.chapters (chapter_id, book_id, chapter_no)
VALUES (1126, 55, 1);
INSERT INTO public.chapters (chapter_id, book_id, chapter_no)
VALUES (1127, 55, 2);
INSERT INTO public.chapters (chapter_id, book_id, chapter_no)
VALUES (1128, 55, 3);
INSERT INTO public.chapters (chapter_id, book_id, chapter_no)
VALUES (1129, 55, 4);
INSERT INTO public.chapters (chapter_id, book_id, chapter_no)
VALUES (1130, 56, 1);
INSERT INTO public.chapters (chapter_id, book_id, chapter_no)
VALUES (1131, 56, 2);
INSERT INTO public.chapters (chapter_id, book_id, chapter_no)
VALUES (1132, 56, 3);
INSERT INTO public.chapters (chapter_id, book_id, chapter_no)
VALUES (1133, 57, 1);
INSERT INTO public.chapters (chapter_id, book_id, chapter_no)
VALUES (1134, 58, 1);
INSERT INTO public.chapters (chapter_id, book_id, chapter_no)
VALUES (1135, 58, 2);
INSERT INTO public.chapters (chapter_id, book_id, chapter_no)
VALUES (1136, 58, 3);
INSERT INTO public.chapters (chapter_id, book_id, chapter_no)
VALUES (1137, 58, 4);
INSERT INTO public.chapters (chapter_id, book_id, chapter_no)
VALUES (1138, 58, 5);
INSERT INTO public.chapters (chapter_id, book_id, chapter_no)
VALUES (1139, 58, 6);
INSERT INTO public.chapters (chapter_id, book_id, chapter_no)
VALUES (1140, 58, 7);
INSERT INTO public.chapters (chapter_id, book_id, chapter_no)
VALUES (1141, 58, 8);
INSERT INTO public.chapters (chapter_id, book_id, chapter_no)
VALUES (1142, 58, 9);
INSERT INTO public.chapters (chapter_id, book_id, chapter_no)
VALUES (1143, 58, 10);
INSERT INTO public.chapters (chapter_id, book_id, chapter_no)
VALUES (1144, 58, 11);
INSERT INTO public.chapters (chapter_id, book_id, chapter_no)
VALUES (1145, 58, 12);
INSERT INTO public.chapters (chapter_id, book_id, chapter_no)
VALUES (1146, 58, 13);
INSERT INTO public.chapters (chapter_id, book_id, chapter_no)
VALUES (1147, 59, 1);
INSERT INTO public.chapters (chapter_id, book_id, chapter_no)
VALUES (1148, 59, 2);
INSERT INTO public.chapters (chapter_id, book_id, chapter_no)
VALUES (1149, 59, 3);
INSERT INTO public.chapters (chapter_id, book_id, chapter_no)
VALUES (1150, 59, 4);
INSERT INTO public.chapters (chapter_id, book_id, chapter_no)
VALUES (1151, 59, 5);
INSERT INTO public.chapters (chapter_id, book_id, chapter_no)
VALUES (1152, 60, 1);
INSERT INTO public.chapters (chapter_id, book_id, chapter_no)
VALUES (1153, 60, 2);
INSERT INTO public.chapters (chapter_id, book_id, chapter_no)
VALUES (1154, 60, 3);
INSERT INTO public.chapters (chapter_id, book_id, chapter_no)
VALUES (1155, 60, 4);
INSERT INTO public.chapters (chapter_id, book_id, chapter_no)
VALUES (1156, 60, 5);
INSERT INTO public.chapters (chapter_id, book_id, chapter_no)
VALUES (1157, 61, 1);
INSERT INTO public.chapters (chapter_id, book_id, chapter_no)
VALUES (1158, 61, 2);
INSERT INTO public.chapters (chapter_id, book_id, chapter_no)
VALUES (1159, 61, 3);
INSERT INTO public.chapters (chapter_id, book_id, chapter_no)
VALUES (1160, 62, 1);
INSERT INTO public.chapters (chapter_id, book_id, chapter_no)
VALUES (1161, 62, 2);
INSERT INTO public.chapters (chapter_id, book_id, chapter_no)
VALUES (1162, 62, 3);
INSERT INTO public.chapters (chapter_id, book_id, chapter_no)
VALUES (1163, 62, 4);
INSERT INTO public.chapters (chapter_id, book_id, chapter_no)
VALUES (1164, 62, 5);
INSERT INTO public.chapters (chapter_id, book_id, chapter_no)
VALUES (1165, 63, 1);
INSERT INTO public.chapters (chapter_id, book_id, chapter_no)
VALUES (1166, 64, 1);
INSERT INTO public.chapters (chapter_id, book_id, chapter_no)
VALUES (1167, 65, 1);
INSERT INTO public.chapters (chapter_id, book_id, chapter_no)
VALUES (1168, 66, 1);
INSERT INTO public.chapters (chapter_id, book_id, chapter_no)
VALUES (1169, 66, 2);
INSERT INTO public.chapters (chapter_id, book_id, chapter_no)
VALUES (1170, 66, 3);
INSERT INTO public.chapters (chapter_id, book_id, chapter_no)
VALUES (1171, 66, 4);
INSERT INTO public.chapters (chapter_id, book_id, chapter_no)
VALUES (1172, 66, 5);
INSERT INTO public.chapters (chapter_id, book_id, chapter_no)
VALUES (1173, 66, 6);
INSERT INTO public.chapters (chapter_id, book_id, chapter_no)
VALUES (1174, 66, 7);
INSERT INTO public.chapters (chapter_id, book_id, chapter_no)
VALUES (1175, 66, 8);
INSERT INTO public.chapters (chapter_id, book_id, chapter_no)
VALUES (1176, 66, 9);
INSERT INTO public.chapters (chapter_id, book_id, chapter_no)
VALUES (1177, 66, 10);
INSERT INTO public.chapters (chapter_id, book_id, chapter_no)
VALUES (1178, 66, 11);
INSERT INTO public.chapters (chapter_id, book_id, chapter_no)
VALUES (1179, 66, 12);
INSERT INTO public.chapters (chapter_id, book_id, chapter_no)
VALUES (1180, 66, 13);
INSERT INTO public.chapters (chapter_id, book_id, chapter_no)
VALUES (1181, 66, 14);
INSERT INTO public.chapters (chapter_id, book_id, chapter_no)
VALUES (1182, 66, 15);
INSERT INTO public.chapters (chapter_id, book_id, chapter_no)
VALUES (1183, 66, 16);
INSERT INTO public.chapters (chapter_id, book_id, chapter_no)
VALUES (1184, 66, 17);
INSERT INTO public.chapters (chapter_id, book_id, chapter_no)
VALUES (1185, 66, 18);
INSERT INTO public.chapters (chapter_id, book_id, chapter_no)
VALUES (1186, 66, 19);
INSERT INTO public.chapters (chapter_id, book_id, chapter_no)
VALUES (1187, 66, 20);
INSERT INTO public.chapters (chapter_id, book_id, chapter_no)
VALUES (1188, 66, 21);
INSERT INTO public.chapters (chapter_id, book_id, chapter_no)
VALUES (1189, 66, 22);
INSERT INTO public.users (email, firstname, lastname, password, ranking, created_at)
VALUES ('admin@admin.com', 'admin', 'admin', '12345', 0, '2019-10-18 17:28:48.317315');
INSERT INTO public.users (email, firstname, lastname, password, ranking, created_at)
VALUES ('user2@gmail.com', 'test', 'test', '54321', 0, '2019-10-20 22:08:55.466646');
INSERT INTO public.views (user_id, view_code, priv)
VALUES (1, '6e9e6366-f386-11e9-b633-0242ac110002', false);
INSERT INTO public.notes (note, user_id, book_id, chapter_id, verse_start, ranking, priv, lang, created_at,
                          last_modified)
VALUES ('This is the first note', 1, 1, 1, 1, 0, false, 'en', '2019-10-19 00:14:39.941854', null);
INSERT INTO public.notes (note, user_id, book_id, chapter_id, verse_start, ranking, priv, lang, created_at,
                          last_modified)
VALUES ('This is the second note', 1, 1, 1, 1, 0, false, 'en', '2019-10-23 20:08:32.432593', null);
INSERT INTO public.notes (note, user_id, book_id, chapter_id, verse_start, ranking, priv, lang, created_at,
                          last_modified)
VALUES ('This is the third note', 1, 1, 1, 1, 0, false, null, '2019-10-23 20:08:32.432593', null);
INSERT INTO public.view_note (view_id, note_id)
VALUES (1, 1);
INSERT INTO public.view_note (view_id, note_id)
VALUES (1, 2);
INSERT INTO public.view_note (view_id, note_id)
VALUES (1, 3);
INSERT INTO public.comments (user_id, note_id, created_at, comment)
VALUES (2, 1, '2019-10-20 22:09:41.976445', 'This is a comment on note_id 1');
INSERT INTO public.user_authorities (email, authority)
VALUES ('admin@admin.com', 'USER');